"ID","KNOW_TYPE","OBJECT_HCODE","OBJECT_CNAME","KNOW_ID","KNOW_DESC","KNOW_KEYWORD","SAMPLE_SQL","HISQA","HISMAN","HISVALID","CREATE_BY","HCREATETIME","UPDATE_BY","HUPDATETIME"
11,GENERAL,,,1,请特别关注每列的单位，在生成SQL的时候，需要校验条件是否和单位匹配。,,,,,1,,"2024-07-26 14:15:05",,"2024-07-28 19:18:52"
12,GENERAL,,,2,对于查询涉及到字符串信息的，尽量使用模糊匹配方式；如果涉及到中文的人名，则请使用完全匹配。,,,,,1,,"2024-07-26 14:15:05",,"2024-08-15 21:59:39"
13,GENERAL,,,3,在计算的时候，请尽量要考虑到 除法需要防止除以零的情况。,,,,,1,,"2024-07-26 14:15:05",,"2024-07-28 19:18:52"
15,GENERAL,,,7,请注意所提供的表格中，可能会涵盖较多的NULL行，因此在使用WHERE条件的时候，请尽量添加去除NULL的条件。,,,,,1,,"2024-07-26 14:15:05",,"2024-11-05 13:19:44"
17,DOMAIN,"",主板财务,3,如果没有明确约定问题的时间段，请优先以当前时间截面，即2024年8月28日为基准，向前向后推算。,,,,,1,,"2024-06-13 15:29:55",,"2024-10-17 17:47:41"
18,DOMAIN,"",主板财务,4,请注意考虑同比、环比表述，如果没有特别指明，默认同比。请特别注意：“同环比”指，同时考虑同比和环比。,,,,,1,,"2024-06-13 15:29:55",,"2024-10-17 17:47:41"
19,DOMAIN,"",主板基本信息,5,"如果询问特定地区的上市公司有哪些，如果没有字段涉及到明确的城市，那么可以考虑从""公司办公地址""中检查是否包含城市字段。",,,,,1,,"2024-06-13 15:29:55",,"2024-10-17 17:47:40"
20,DOMAIN,"",主板基本信息,6,"该问题可能涉及到申万X级行业，X级行业名称为""XXXX"";",,,,,1,,"2024-06-13 15:29:55",,"2024-10-17 17:47:40"
21,DOMAIN,"",主板基本信息,7,如果涉及到行业计算，但是问题没有明确指明哪个行业的，请优先考虑申万一级行业，如果做比较的话，请优先考虑均值。,,,,,1,,"2024-06-13 15:29:55",,"2024-10-17 17:47:40"
53,DOMAIN_CLS,,个股相关,1,如果问题中没有特别指出“科创板”，同时解析出的股票信息中不包含“科创板”的时候，请优先考虑“主板”对应的表格。,,,,,1,,"2024-06-13 15:29:55",,"2024-10-17 17:47:12"
55,DOMAIN_CLS,,基金相关,3,"如果询问基金的持仓、重仓情况，请优先考虑""基金投资组合""",,,,,1,,"2024-06-13 15:29:55",,"2024-08-21 16:42:41"
56,DOMAIN_CLS,,个股相关,4,如果没有特别说明，当问到“业绩”的时候，我们主要考虑涉及“财务”及“衍生财务”等。,,,,,1,,"2024-06-13 15:29:55",,"2024-10-17 17:44:55"
65,GENERAL,,,7,"如果列名或别名包含特殊字符和中文（如括号、空格等），则需要用""`""符号将其括起来（请特别注意是`符号，而不是单引号或者双引号）。但是SELECT后面的英文字段名请不要使用双引号括起来，如果""AS""后面的别名涉及到中文，请记得用`符号括起来。",,,,,1,,"2024-08-05 12:47:03",,"2024-11-04 12:50:05"
72,INDICATOR_DEF,,分红率,1,分红率（Payout Ratio）：定义：分红率是公司支付给股东的股息与公司净利润的比例。计算公式：分红率=(股息总额/净利润)×100%。其中，股息总额是指公司在一定时期内支付给所有股东的总股息，净利润是指公司在一定时期内的净收入。股息总额请使用：【DZ_DIVIDEND】表中的【TotalCashDiviComRMB】字段。净利润请使用：【LC_INCOMESTATEMENTALL】表中的【NPParentCompanyOwners】字段！！！,,,,,1,,"2024-08-06 15:49:33",,"2024-09-11 15:17:17"
73,INDICATOR_DEF,,股息率,2,股息率（Dividend Yield）：定义：股息率是公司每股分红金额与股票市场价格的比例，通常用来衡量股票的分红回报率。计算公式：股息率=(每股股息/股票市场价格)×100%。其中，每股股息是指公司在一定时期内为每股股票支付的股息，股票市场价格是指股票在交易市场上的当前价格。同时当用户问到A股公司“股息率”相关的问题时，请优先考虑“DZ_DINDICESFORVALUATION”表格。,,,,,1,,"2024-08-06 15:49:34",,"2024-09-11 14:47:56"
75,INDICATOR_DEF,,机构重仓,3,"机构重仓占比是指某只股票的总市值中，机构投资者（如基金、保险公司等）持有的部分所占的比例。
这一比例的计算通常如下：机构重仓占比 = 机构持有市值 / 流通市值， 其中机构持有市值为SUM(MF_KeyStockPortfolio.MARKETVALUE)作为MARKETVALUE_SUM，流通市值为DZ_DINDICESFORVALUATION.NegotiableMV",,,,,1,,"2024-08-06 22:24:31",,"2024-08-06 22:24:31"
83,TABLE_CLS,,基金相关,11,请特别注意：对于Q和HY结尾的表格，Q代表季报，HY代表半年报。,,,,,1,,"2024-08-13 11:03:11",,"2024-09-02 14:12:08"
84,DOMAIN,"",基金相关,8,请特别注意：对于Q和HY结尾的表格，Q代表季报，HY代表半年报。当前缀相同时，请取Q结尾的表格，即季报！！！,,,,,1,,"2024-06-13 15:29:55",,"2024-11-06 14:20:04"
85,DOMAIN,"",基金相关,9,"该问题可能涉及到申万X级行业，X级行业名称为""XXXX""，即XXXX； 同时该问题也可能涉及XXX题材，即XXXX。",,,,,1,,"2024-06-13 15:29:55",,"2024-08-15 15:46:37"
86,TABLE,FUND_MANAGER_INFO,基金经理基本信息表,1,请注意区分问题中可能涉及到的基金机构和基金产品，基金公司全称及简称代表基金公司、基金机构，例如“嘉实基金”代表基金公司，而“嘉实嘉实稳健混合”则代表基金产品。,,,,,1,,"2024-08-06 22:25:48",,"2024-08-13 10:46:23"
87,DOMAIN,"",基金相关,10,请特别注意：基金持仓的意思是指 基金经理持有股票的情况，如果涉及到持仓的查询，请不要考虑基金经理与基金的关系，而是直接查找基金经理持仓股票的情况。,,,,,1,,"2024-06-13 15:29:55",,"2024-08-15 15:46:37"
88,TABLE_CLS,,基金相关,12,当问题与基金经理有关时，请尽量将'FUND_MANAGER_INFO'考虑在内。,,,,,1,,"2024-08-13 11:03:11",,"2024-08-15 15:08:36"
89,TABLE_CLS,,基金相关,13,基金持仓涉及到：基金产品持仓、基金经理持仓、基金公司持仓。当没有明确说明的时候，默认考虑基金产品持仓。,,,,,1,,"2024-08-13 11:03:11",,"2024-08-15 15:08:36"
90,DOMAIN,,基金相关,12,基金持仓涉及到：基金产品持仓、基金经理持仓、基金公司持仓。当没有明确说明的时候，默认考虑基金产品持仓。,,,,,1,,"2024-08-16 17:22:21",,"2024-08-23 19:08:40"
91,DOMAIN_CLS,,基金相关,5,基金持仓涉及到：基金产品持仓、基金经理持仓、基金公司持仓。当没有明确说明的时候，默认考虑基金产品持仓。,,,,,1,,"2024-06-13 15:29:55",,"2024-08-21 16:42:41"
92,TABLE_CLS,,基金相关,,如果涉及“基金超配”相关的问题时，请查询FUND_INDUSTRY_HOLDING_MV_DETAIL_Q和FUND_INDUSTRY_HOLDING_MV_Q这两个表。,,,,,1,,"2024-08-16 17:22:21",,"2024-08-16 17:23:05"
93,TABLE,FUND_INDUSTRY_HOLDING_MV_Q,,1,当问到“基金超配”相关问题，请注意：FUND_INDUSTRY_HOLDING_MV_DETAIL_Q 这个表是每个基金持有股票情况，FUND_INDUSTRY_HOLDING_MV_Q 这个表是市场上基金汇总后的持有股票情况，基金持有股票的占比大于市场上基金汇总后的持有占比，认为是超配。,,,,,1,,"2024-08-19 15:11:28",,"2024-08-19 15:11:35"
94,TABLE_CLS,,基金相关,,当涉及到基金的“申购”和“赎回”的问题，可查询FUND_SHARES_CHANGE表格。,,,,,1,,"2024-08-16 17:22:21",,"2024-08-16 17:23:05"
95,TABLE_CLS,,基金相关,,问到主动权益、主动型、权益类，请直接用FUND_LIST_FREQUENCY里面的基金,,,,,1,,"2024-08-16 17:22:21",,"2024-08-16 17:23:05"
96,TABLE_CLS,,基金相关,,请注意：基金配置，可以理解为基金持仓情况，请使用FUND_INDUSTRY_HOLDING_MV_DETAIL或者FUND_INDUSTRY_HOLDING_MV,,,,,1,,"2024-08-16 17:22:21",,"2024-08-16 17:23:05"
97,TABLE_CLS,,基金相关,,"当问到""基金经理人名""的持仓问题时，请选择FUND_MANAGER_INDUSTRY_HOLDING_MV_Q",,,,,1,,"2024-08-16 17:22:21",,"2024-08-20 14:52:02"
99,TABLE_CLS,,基金相关,,"当问到""行业ETF分布""时，默认中国的ETF分布，需要使用FUND_ASSET_ALLOCATION这个表",,,,,1,,"2024-08-20 14:58:55",,"2024-08-20 15:12:18"
100,TABLE,ETF_LABEL_INFO_CHINA,,,"如涉及到""行业""分布，应该按照SECTOR字段聚类",,,,,1,,"2024-08-20 15:20:12",,"2024-08-20 15:20:12"
101,TABLE,FUND_STOCK_CHANGE_Q,,,当涉及到港股时，港股的查询方式为: COMB_SYMBOL like '%.HK%',,,,,1,,"2024-08-20 15:26:26",,"2024-08-20 15:26:26"
102,TABLE_CLS,"",基金相关,,当涉及某ETF的基金规模时，NET_VALUE应该取自FUND_ASSET_ALLOCATION，而不应该取FUND_NETVALUE,,,,,1,,"2024-08-20 16:12:40",,"2024-08-20 16:12:40"
105,TABLE,LC_MAINOPERINCOME,公司主营业务构成,2,"当问到业务收入占比的问题的时候，计算考虑分母-业务收入合计的时候，可以使用Project = ""合计"" （“合计”两个字需要精准匹配而不是模糊匹配） 来筛选出业务收入的合计值，请注意只需要一条即可，不需要进行加总。请特别注意：展示的时候，对于计算的结果，请直接按照Classification字段对应的分类方式命名，例如“地区收入占比”，“产品收入占比”等。",,,,,1,,"2024-08-06 22:25:48",,"2024-08-29 13:46:36"
106,DOMAIN_CLS,,基金相关,6,"当涉及某ETF的基金规模时，应定位到""基金产品持仓""这个域！！！",,,,,1,,"2024-08-21 14:00:42",,"2024-08-23 19:08:51"
107,DOMAIN_CLS,,基金相关,7,当涉及到如”英伟达“等外股基金问题，应该定位到”QDII基金产品持仓“二级域,,,,,1,,"2024-08-21 14:54:42",,"2024-08-23 19:08:51"
109,DOMAIN,"",主板财务,11,请注意当问到某公司的“可比公司”或者“同行”相关问题的时候，我们主要查询该公司所在行业其他公司（包含该公司）对应的指标。考虑“FirstIndustryName”字段进行区分。,,,,,1,,"2024-06-13 15:29:55",,"2024-10-17 17:47:41"
110,DOMAIN,,QDII基金产品持仓,13,"当涉及到如”英伟达“等外股的持仓问题时，应该使用""FUND_PORTFOLIO_DETAIL_QDII""",,,,,1,,"2024-08-21 14:57:42",,"2024-08-23 19:08:40"
111,TABLE_CLS,,基金相关,,"当涉及到如”英伟达“等外股的持仓问题时，应该使用""FUND_PORTFOLIO_DETAIL_QDII""",,,,,1,,"2024-08-21 15:03:06",,"2024-08-21 15:03:06"
112,TABLE,FUND_PORTFOLIO_DETAIL_QDII,,,"查询美股，如""英伟达""时，字段应该这样: COMB_SYMBOL='NVDA.US'",,,,,1,,"2024-08-21 15:04:21",,"2024-08-21 15:04:21"
116,INDICATOR_DEF,,估值,3,当问到某公司“估值”的时候，我们一般看该公司的PB或者PE值。,,,,,1,,"2024-08-06 15:49:34",,"2024-08-23 17:41:34"
121,DOMAIN,"",主板财务,14,当问到某公司“估值”的时候，我们一般看该公司的PB或者PE值。,,,,,1,,"2024-06-13 15:29:55",,"2024-10-17 17:47:41"
122,INDICATOR_DEF,,毛利率,3,毛利率是衡量公司盈利能力的一个重要指标，通常定义为销售收入减去销售成本后的利润与销售收入的比率。计算公式为：毛利率 = （销售收入 - 销售成本）/ 销售收入。 毛利率可从LC_MAINOPERINCOME表格获得！！！,,,,,1,,"2024-08-06 15:49:34",,"2024-08-23 17:41:34"
125,DOMAIN,"",主板财务,15,当问到“分红收益率”的时候，可以理解为“分红率”，分红率=(股息总额/净利润)×100%。其中，股息总额是指公司在一定时期内支付给所有股东的总股息，净利润是指公司在一定时期内的净收入。,,,,,1,,"2024-06-13 15:29:55",,"2024-10-17 17:47:41"
126,INDICATOR_DEF,,分红收益率,1,分红收益率，指分红率（Payout Ratio）：定义：分红率是公司支付给股东的股息与公司净利润的比例。计算公式：分红率=(股息总额/净利润)×100%。其中，股息总额是指公司在一定时期内支付给所有股东的总股息，净利润是指公司在一定时期内的净收入。,,,,,1,,"2024-08-06 15:49:33",,"2024-08-23 12:27:54"
127,GENERAL,,,10,"忽略空值：在生成 SQL 查询时，如果涉及到计算结果，需要忽略或排除那些计算结果为 NULL 的记录！！！
加条件限制：在生成 WHERE 子句时，添加 IS NOT NULL 条件以确保结果中不包含空值！！！
空值处理优先：在排序或计算相关操作之前，优先处理可能的空值问题，以避免在排序结果中产生不期望的空值排序！！！",,,,,1,,"2024-07-26 14:15:05",,"2024-08-28 20:44:50"
128,INDICATOR_DEF,,扣非,1,扣非指扣非净利润，即扣除非经常性损益后的净利润，如果问题与“扣非”相关，请优先考虑“LC_MAININDEXNEW”或“LC_MainDataNew”表格！！！,,,,,1,,"2024-08-06 15:49:33",,"2024-08-26 14:46:09"
129,INDICATOR_DEF,,净利润,1,问题中提到的“净利润”，我们一般选择如下字段：归属于母公司所有者的净利润，即归母净利润，对应科目为NPParentCompanyOwners；,,,,,1,,"2024-08-06 15:49:33",,"2024-08-28 13:39:23"
130,DOMAIN,"",主板财务,16,对于创新高或创新低类的问题，可以按照如下逻辑：筛选出目标时间段内的最高（或最低）价格，并与历史最高（或最低）价格进行比较，确定是否创下新高（或新低），然后按目标时间段内的价格排序。,,,,,1,,"2024-06-13 15:29:55",,"2024-10-17 17:47:41"
131,DOMAIN,"",主板行情,17,对于创新高或创新低类的问题，可以按照如下逻辑：筛选出目标时间段内的最高（或最低）价格，并与历史最高（或最低）价格进行比较，确定是否创下新高（或新低），然后按目标时间段内的价格排序。,,,,,1,,"2024-06-13 15:29:55",,"2024-10-17 17:47:40"
135,GENERAL,,,11,在编写SQL查询时，请确保子查询中选择的字段包含所有将在主查询中引用的字段。如果某个字段在主查询中需要使用，比如在SELECT或ORDER BY中，但未在子查询中选择，则应在子查询中添加该字段的选择。例如，如果主查询中引用了EndDate字段，请确保它在子查询中被选中。,,,,,1,,"2024-07-26 14:15:05",,"2024-08-28 20:44:50"
136,TABLE_CLS,"",基金相关,,当问到“基金产品的基金规模或变化时”，可考虑FUND_ASSET_ALLOCATION-季报中披露的基金产品净资产，权益资产，债券资产等规模。同样的，问到基金公司的净资产，权益资产，债券资产等规模变化时，可开绿FUND_COMPANY_ASSET_ALLOCATION。问到基季报中披露的基金经理管理的净资产，权益资产，债券资产等规模变化时，可考虑FUND_MANAGER_ASSET_ALLOCATION。,,,,,1,,"2024-08-20 16:12:40",,"2024-08-20 16:12:40"
137,TABLE,FUND_LIST_FREQUENCY,基金列表，用来计算的主动型基金，每个报告期统计一次,1,对于这张表：如果问题涉及到主动基金，那么考虑季频，即FREQUENCY=4；如果问题涉及到ETF，那么考虑日频，即FREQUENCY=4。,,,,,1,,"2024-07-26 14:28:37",,"2024-07-26 14:29:58"
138,TABLE_CLS,"",基金相关,,"如果问题中直接提及如下关键词：科技、金融、消费、医药、制造、周期，例如“消费基金”、“医药基金”，这些代表固定的投资赛道，请优先考虑FUND_TRACK_HOLDING这个表。并且表中的TRACK_CODE字段: 赛道代码，这个字段代表1-科技；2-制造；3-金融；4-消费；5-周期；6-医药。 
",,,,,1,,"2024-08-20 16:12:40",,"2024-09-02 14:08:28"
141,DOMAIN,"",港股基本信息,18,"该问题可能涉及到申万X级行业，X级行业名称为""XXXX"";",,,,,1,,"2024-06-13 15:29:55",,"2024-08-15 15:29:55"
146,DOMAIN,"",主板财务,19,当问到“销售额”“销售收入”的时候，我们优先关注“营业收入”这个科目。,,,,,1,,"2024-06-13 15:29:55",,"2024-10-17 17:47:42"
149,GENERAL,,,5,请注意当前的时间是2024年10月10日，请注意基准的时间。 请特别注意字段的类别，如果字段是datetime类别的，则请不要使用TO_DATE函数。,,,,,1,,"2024-07-26 14:15:05",,"2024-10-10 14:49:23"
150,GENERAL,,,5,请特别关注【问题】中所提到的时间节点，例如“2023年XXXX”， “2022年XXXX”。,,,,,1,,"2024-07-26 14:15:05",,"2024-09-11 15:55:26"
151,GENERAL,,,12,请特别注意：如果查询时使用了模糊匹配，例如“%电子%“，某些表可能存在重复的关联数据，这可能导致多条重复结果，请注意进行去重！！！,,,,,1,,"2024-07-26 14:15:05",,"2024-08-28 20:44:50"
154,DOMAIN,"",港股财务,24,"对于港股的FiscalYear这个字段，它是一个Data型字段，示例：""2017-12-31 00:00:00.000""，请在处理或者转化时特别注意！！！FiscalYear 是 DATE 类型，不需要再用 TO_DATE 进行转换！！！，请记住不要再对FiscalYear用 TO_DATE 进行转换！！！同时记得一定要关注ENDDATE字段，它的频率是季度频率，请分析问题需要关心的是什么时间区间！！！同时记得一定要关注ENDDATE字段，它的频率是季度频率，请分析问题需要关心的是什么时间区间！！！",,,,,1,,"2024-06-13 15:29:55",,"2024-09-20 16:10:04"
155,DOMAIN,,基金相关,14,"请特别注意，当使用“LABEL_INFO”表格的时候，我需要先使用“LABEL_TYPE”判断问题涉及的实体类别：1-行业、7-题材、8-细分题材，该字段的数值类别为：int；之后，我在根据可能的行业、题材等信息，针对""LABEL_NAME""字段使用模糊匹配进行查询!!!",,,,,1,,"2024-08-16 17:22:21",,"2024-09-20 14:33:33"
156,TABLE,LABEL_INFO,标签信息表,8,"请特别注意，当使用“LABEL_INFO”表格的时候，我需要先使用“LABEL_TYPE”判断问题涉及的实体类别：1-行业、7-题材、8-细分题材，该字段的数值类别为：int；之后，我在根据可能的行业、题材等信息，针对""LABEL_NAME""字段使用模糊匹配进行查询!!!",,,,,1,,"2024-06-13 15:29:55",,"2024-09-20 14:32:04"
157,GENERAL,,,14,请特别注意：当用户问题中提到“每年”“每月”“每季度”这种粒度的问题时，数据如果是“天”的粒度，请务必进行聚合操作返回给用户！！！,,,,,1,,"2024-07-26 14:15:05",,"2024-08-28 20:44:50"
159,GENERAL,,,15,请特别注意：DATE或者DATETIME类别的字段，请不要使用TO_DATE，因为他们本身已经是DATE或者DATETIME了！！！,,,,,1,,"2024-07-26 14:15:05",,"2024-09-20 16:17:52"
161,DOMAIN,"",主板财务,22,请特别注意：DATE或者DATETIME类别的字段，请不要使用TO_DATE，因为他们本身已经是DATE或者DATETIME了！！！请特别注意：DATE或者DATETIME类别的字段，请不要使用TO_DATE，因为他们本身已经是DATE或者DATETIME了！！！,,,,,1,,"2024-06-13 15:29:55",,"2024-10-17 17:47:42"
162,DOMAIN,"",港股财务,28,请特别注意：DATE或者DATETIME类别的字段，请不要使用TO_DATE，因为他们本身已经是DATE或者DATETIME了！！！,,,,,1,,"2024-06-13 15:29:55",,"2024-09-20 16:10:04"
165,DOMAIN,"",主板行情,38,请特别注意：DATE或者DATETIME类别的字段，请不要使用TO_DATE，因为他们本身已经是DATE或者DATETIME了！！！,,,,,1,,"2024-06-13 15:29:55",,"2024-10-17 17:47:40"
166,DOMAIN,"",主板行情,39,一段时间的涨跌幅是指：涨跌幅通常是指股票价格在一定时间内的变动百分比，计算公式为：(期末价格 - 期初价格) / 期初价格 * 100%。,,,,,1,,"2024-06-13 15:29:55",,"2024-10-17 17:47:41"
171,DOMAIN,"",主板财务,25,对于PB值、PE值的指标，当涉及到个股公司筛选和对比时，我们用户更关心正值，因此在进行比较前，请添加条件： pb >0， pe > 0;但是如果用户仅仅查询某家公司的PB或PE值时，请不要添加该条件！,,,,,1,,"2024-06-13 15:29:55",,"2024-12-14 20:32:05"
176,DOMAIN,"",主板财务,77,当考虑到“利润增速”相关的问题，请注意，我们一般考虑利润为正值！，并且实现增长。,,,,,1,,"2024-06-13 15:29:55",,"2024-10-17 17:47:42"
180,GENERAL,,,1,请特别关注GROUP BY语句的使用，请考虑是否有可能导致分组过于细化，甚至每条记录都是一个组，需要适当放宽条件！！！,,,,,1,,"2024-07-26 14:15:05",,"2024-07-28 19:18:52"
183,TABLE_CLS,,基金相关,9,当问到基金持有美股标的的时候，请优先考虑【FUND_INDUSTRY_HOLDING_MV_DETAIL_QDII】和【FUND_PORTFOLIO_DETAIL_QDII】这两个表格！！！当问到基金持有美股标的的时候，请优先考虑【FUND_INDUSTRY_HOLDING_MV_DETAIL_QDII】和【FUND_PORTFOLIO_DETAIL_QDII】这两个表格！！！,,,,,1,,"2024-10-11 16:15:06",,"2024-10-11 16:17:08"
185,TABLE,LC_MAINOPERINCOME,公司主营业务构成,1,请特别关注“分类方式（Classification）”字段。当用户提出的查询（query）涉及行业、产品或地区分类时，请直接依据该字段进行分类和筛选，并直接展示筛选后的结果。无需再对筛选出的内容按照用户的查询进行进一步的分析或过滤。分类标准如下：10代表按行业分类，20代表按产品分类，30代表按地区分类。例如，当用户询问“福耀玻璃在美国的收入”时，您应直接使用“Classification=30”将所有地区的收入数据展示出来，而无需再从这些数据中分析出美国的收入。,,,,,1,,"2024-08-06 22:25:48",,"2024-08-13 10:46:23"
186,DOMAIN_CLS,,个股相关,1,如果问题中没有特别指出“港股”的话，请优先考虑A股类别。如果涉及到A股的话，请尽量加入“A股基本信息“， 如果涉及到港股的话，请尽量加入“港股基本信息“,,,,,1,,"2024-06-13 15:29:55",,"2024-08-21 16:42:41"
189,DOMAIN,"",科创板基本信息,35,"如果询问特定地区的上市公司有哪些，如果没有字段涉及到明确的城市，那么可以考虑从""公司办公地址""中检查是否包含城市字段。",,,,,1,,"2024-06-13 15:29:55",,"2024-10-17 17:47:40"
190,DOMAIN,"",港股基本信息,26,"如果询问特定地区的上市公司有哪些，如果没有字段涉及到明确的城市，那么可以考虑从""公司办公地址""中检查是否包含城市字段。",,,,,1,,"2024-06-13 15:29:55",,"2024-10-17 17:47:40"
191,DOMAIN,"",科创板基本信息,27,"该问题可能涉及到申万X级行业，X级行业名称为""XXXX"";",,,,,1,,"2024-06-13 15:29:55",,"2024-10-17 17:47:40"
193,DOMAIN,"",港股基本信息,48,"该问题可能涉及到申万X级行业，X级行业名称为""XXXX"";",,,,,1,,"2024-06-13 15:29:55",,"2024-10-17 17:47:40"
194,DOMAIN,"",科创板基本信息,49,如果涉及到行业计算，但是问题没有明确指明哪个行业的，请优先考虑申万一级行业，如果做比较的话，请优先考虑均值。,,,,,1,,"2024-06-13 15:29:55",,"2024-10-17 17:47:40"
195,DOMAIN,"",港股基本信息,50,如果涉及到行业计算，但是问题没有明确指明哪个行业的，请优先考虑申万一级行业，如果做比较的话，请优先考虑均值。,,,,,1,,"2024-06-13 15:29:55",,"2024-10-17 17:47:40"
196,DOMAIN_CLS,,个股相关,1,如果用户问到和公司业务相关，或者针对收入拆分或收入结构拆分的问题，若涉及行业、产品或地区的拆分，我们考虑“主板经营”、“创业板经营”或者“港股经营”。其他情况请不要考虑这三个类别。,,,,,1,,"2024-06-13 15:29:55",,"2024-10-17 17:47:12"
199,DOMAIN,"",港股基本信息,59,"【港股上市公司行业筛选！！！】当问题涉及港股行业相关内容，若需查询港股某个行业的公司信息，可参考以下SQL语句。例如，查询‘港股半导体行业的公司’：SELECT DISTINCT
    hc.COMCNNAME AS ""公司中文名称"",
    hc.COMCNABB AS ""公司中文简称"",
    hs.STKCODE AS ""股票代码"",
    hs.STKABB AS ""股票简称"",
    pir.INDU_NAME AS ""行业分类名称""
FROM
    HK_INDCHCOM hi
    JOIN PUB_INDU_REF pir ON hi.INDUNIC = pir.INNER_CODE AND pir.ISVALID = 1
    JOIN HK_COMBINFO hc ON hi.COMUNIC = hc.COMUNIC AND hc.ISVALID = 1
    JOIN HK_STKCODE hs ON hc.COMUNIC = hs.COMUNIC AND hs.ISVALID = 1
WHERE pir.INDU_NAME LIKE '%半导体%'
    AND hs.LSSTUREFC = 1
    AND (hs.STKTYREFC = 1 or hs.STKTYREFC = 6)
    AND hs.TRMKREFC = 7
    AND hi.ISVALID = 1;",,,,,1,,"2024-06-13 15:29:55",,"2024-10-23 18:53:10"
200,GENERAL,,,96,在进行公司简称匹配的时候，请尽量使用模糊匹配，例如 SEC_SNAME LIKE '%中芯国际%'，COMCNABB LIKE '%小米集团%'，请特别注意！！！,,,,,1,,"2024-07-26 14:15:05",,"2025-01-22 14:44:10"
201,TABLE_CLS,,个股相关,99,"如果用户问到和A股主板上市公司业务相关，或者针对收入拆分或收入结构拆分的问题，若涉及行业、产品或地区的拆分，我们应优先考虑使用'STK_PRI_INCOME_DISTRICT'表（按地区拆分）或者'STK_PRI_INCOME_PRODUCT'表（按产品拆分）或者'STK_PRI_INCOME_INDUSTRY'表（按行业拆分）！！！
其他与收入相关的表格如“STK_INCOME_GEN”表，并不涉及具体的收入结构拆分，不要考虑在内！！！如果用户问到和公司业务相关，或者针对收入拆分或收入结构拆分的问题，若涉及行业、产品或地区的拆分，我们应优先考虑使用'STK_PRI_INCOME_DISTRICT'表（按地区拆分）或者'STK_PRI_INCOME_PRODUCT'表（按产品拆分）或者'STK_PRI_INCOME_INDUSTRY'表（按行业拆分）！！！其他与收入相关的表格如“STK_INCOME_GEN”表，并不涉及具体的收入结构拆分！！！",,,,,1,,"2024-08-13 11:03:11",,"2025-01-14 12:02:47"
203,DOMAIN,"",主板经营,99,当您询问关于“营收占比”、”销售份额“相关的信息时，可以参考“PRI_RVNU_PCT”这一字段。,,,,,1,,"2024-06-13 15:29:55",,"2024-12-17 11:35:44"
206,DOMAIN,"",主板基本信息,109,如果需要获取主板上市公司的股票代码，请考虑“PUB_SEC_CODE”表格获取！！！,,,,,1,,"2024-06-13 15:29:55",,"2024-10-21 12:32:59"
207,DOMAIN,"",科创板基本信息,119,如果需要获取科创板上市公司的股票代码，请考虑“PUB_SEC_CODE”表格获取！！！,,,,,1,,"2024-06-13 15:29:55",,"2024-10-21 12:32:59"
209,TABLE,STK_INCOME_GEN,利润表（通用）,11,当计算净利润的时候，我们一般选择如下字段：归属于母公司所有者的净利润，即归母净利润，对应科目为P160101，归属于母公司所有者的净利润；,,,,,1,,"2024-07-26 14:28:37",,"2024-10-21 14:25:25"
210,TABLE,STI_INCOME_GEN,科创板公司利润表,19,当计算净利润的时候，我们一般选择如下字段：归属于母公司所有者的净利润，即归母净利润，对应科目为P160101，归属于母公司所有者的净利润；,,,,,1,,"2024-10-22 13:38:37",,"2024-10-22 13:38:37"
211,TABLE,GET_INDX_GEN_INFO,指数基本信息表,89,"如果问题涉及“申万行业”的时候，请考虑使用“SW_INDX_LEVEL”这个字段进行过滤，其中""SW1""表示申万一级行业指数，""SW2""表示申万二级行业指数。 如果用户提到“行业指数”，没有明确指明哪一类行业指数的时候，默认是申万一级行业。",,,,,1,,"2024-10-22 13:38:37",,"2025-01-16 20:25:11"
213,TABLE,GET_INDX_GEN_INFO,指数基本信息表,139,使用本表的时候，请默认添加如下条件：USE_STATUS  = '使用'。,,,,,1,,"2024-10-22 13:38:37",,"2025-01-16 19:52:54"
214,DOMAIN,"",主板经营,75,上市公司通常在#中报#或#年报#中披露营收拆分，同时目前2024年12月31日的年报还没有公布！！！因此，当用户请求特定时间的收入拆分时，请按照以下规则处理：（1）指定年份为2024年时：将 PeriodDate 映射到2024年6月30日。设置 RPT_TYPE 为“合并”。（2）指定年份为其他年份时：将 PeriodDate 映射到对应年度的12月31日。设置 RPT_TYPE 为“合并”。（3）未指定年份时：默认将 PeriodDate 映射到2024年6月30日。设置 RPT_TYPE 为“合并”。,,,,,1,,"2024-06-13 15:29:55",,"2025-01-13 11:20:51"
216,DOMAIN_CLS,,个股相关,1,如果问到个股相关的【股份支付费用】相关信息时，请考虑使用现金流量表！！！,,,,,1,,"2024-06-13 15:29:55",,"2024-10-25 10:31:43"
219,GENERAL,,,126,在书写SQL的时候，如果使用 Common Table Expressions (CTEs) 这种格式，请确保每个条件在后续查询中都被连贯地使用。具体来说，请检查每个CTE中的条件是否在后续的查询中得到了合理的应用，避免出现未使用的条件或子查询。,,,,,1,,"2024-07-26 14:15:05",,"2024-10-17 23:47:49"
220,GENERAL,,,186,若问题中没有特别指明“依据XXX进行排序”，请依据你对问题的深刻理解，自行决定对关键核心信息采用正序或倒序的排列方式，排序的具体顺序应基于您对问题内容的准确把握！！！若问题中没有特别指明“依据XXX进行排序”，请依据你对问题的深刻理解，自行决定对关键核心信息采用正序或倒序的排列方式，排序的具体顺序应基于您对问题内容的准确把握！！！,,,,,1,,"2024-07-26 14:15:05",,"2024-11-04 13:35:26"
221,GENERAL,,,196,如果在问题中涉及的是行业信息，并且表格中获取的查询对象是公司，那么请对公司数据进行聚合，以得到行业的整体结果。,,,,,1,,"2024-07-26 14:15:05",,"2024-10-17 23:47:49"
222,GENERAL,,,206,如果在问题中涉及到“增速的计算“，需统一剔除负值数据，无论其是作为减法运算中的减数还是被减数。,,,,,1,,"2024-07-26 14:15:05",,"2024-10-17 23:47:49"
224,DOMAIN,"",主板财务,212,当问到某公司“估值”的时候，我们一般看该公司的PB或者PE值。并且对于PB值、PE值的指标，当涉及到个股公司筛选和对比时，我们用户更关心正值，因此在进行比较前，请添加条件： pb >0， pe > 0; 但是如果用户仅仅是查询某家公司的PB或PE值时，请不要添加该条件！,,,,,1,,"2024-06-13 15:29:55",,"2024-12-14 20:32:05"
225,DOMAIN,"",主板行情,222,当问到某公司“估值”的时候，我们一般看该公司的PB或者PE值。并且对于PB值、PE值的指标，当涉及到个股公司筛选和对比时，我们用户更关心正值，因此在进行比较前，请添加条件： pb >0， pe > 0; 但是如果用户仅仅是查询某家公司的PB或PE值时，请不要添加该条件！,,,,,1,,"2024-06-13 15:29:55",,"2024-12-14 20:32:20"
226,DOMAIN,"",港股财务,232,当问到某公司“估值”的时候，我们一般看该公司的PB或者PE值。并且对于PB值、PE值的指标，当涉及到个股公司筛选和对比时，我们用户更关心正值，因此在进行比较前，请添加条件： pb >0， pe > 0; 但是如果用户仅仅是查询某家公司的PB或PE值时，请不要添加该条件！,,,,,1,,"2024-06-13 15:29:55",,"2024-12-14 20:32:21"
227,DOMAIN,"",港股行情,242,当问到某公司“估值”的时候，我们一般看该公司的PB或者PE值。并且对于PB值、PE值的指标，当涉及到个股公司筛选和对比时，我们用户更关心正值，因此在进行比较前，请添加条件： pb >0， pe > 0; 但是如果用户仅仅是查询某家公司的PB或PE值时，请不要添加该条件！,,,,,1,,"2024-06-13 15:29:55",,"2024-12-14 20:32:21"
228,DOMAIN,"",科创板财务,252,当问到某公司“估值”的时候，我们一般看该公司的PB或者PE值。并且对于PB值、PE值的指标，当涉及到个股公司筛选和对比时，我们用户更关心正值，因此在进行比较前，请添加条件： pb >0， pe > 0; 但是如果用户仅仅是查询某家公司的PB或PE值时，请不要添加该条件！,,,,,1,,"2024-06-13 15:29:55",,"2024-12-14 20:32:21"
229,DOMAIN,"",科创板行情,262,当问到某公司“估值”的时候，我们一般看该公司的PB或者PE值。并且对于PB值、PE值的指标，当涉及到个股公司筛选和对比时，我们用户更关心正值，因此在进行比较前，请添加条件： pb >0， pe > 0; 但是如果用户仅仅是查询某家公司的PB或PE值时，请不要添加该条件！,,,,,1,,"2024-06-13 15:29:55",,"2024-12-14 20:32:21"
230,GENERAL,,,308,请注意：当前版本的MYSQL不支持： PERCENTILE_CONT 窗口函数，请不要使用该函数！！！同时，MySQL不支持在LIMIT子句中使用子查询。MySQL的LIMIT子句只能接受常量值，而不能接受子查询的结果。,,,,,1,,"2024-07-26 14:15:05",,"2024-11-04 17:11:10"
231,GENERAL,,,999,在书写时请特别注意，数据库使用的是 MySQL 8.0.28 版本，因此请不要使用其他版本的 SQL 语法进行查询。在书写时请特别注意，数据库使用的是 MySQL 8.0.28 版本，因此请不要使用其他版本的 SQL 语法进行查询。,,,,,1,,"2024-07-26 14:15:05",,"2024-07-28 19:18:52"
232,DOMAIN,,基金相关,19,如果问题中提及“重仓”，那么“重仓”有如下定义：持仓比例超过10%；,,,,,1,,"2024-08-16 17:22:21",,"2024-11-05 16:26:22"
235,DOMAIN,,内部信息查询,39,请特别注意，机构名称匹配时，务必使用模糊查询！！！,,,,,1,,"2024-08-16 17:22:21",,"2024-11-28 15:06:16"
236,DOMAIN,,内部信息查询,39,请特别注意，机构名称匹配时，请尽量考虑机构的别名，包括英文名、英文简称。但是请注意别名至多用2个！！！,,,,,1,,"2024-08-16 17:22:21",,"2024-11-12 08:42:35"
237,TABLE,FUND_MANAGER_INFO,基金经理信息表,149,"使用本表的时候，在查基金经理规模时加入两个限制：1.权益占大多数，总规模比例大于44.7%，2. 主动基金规模大于被动基金规模。这样可以有效排除货币基金、债券基金及被动基金。具体如下：SELECT f.* FROM FUND_MANAGER_INFO f
WHERE CASE WHEN NET_VALUE != 0 THEN MV_OF_STOCK / NET_VALUE ELSE 0 END >= 0.447  -- 权益占多数
  AND CASE WHEN MV_OF_STOCK != 0 THEN (MV_OF_STOCK - MV_OF_STOCK_PASSIVE) / MV_OF_STOCK ELSE 0 END >= 0.5 -- 主动基金规模要比被动基金规模大
ORDER BY f.NET_VALUE DESC;",,,,,1,,"2024-10-22 13:38:37",,"2025-01-17 10:51:24"
240,DOMAIN,"",基金相关,88,【报告期条件】请注意当前的报告期REPORT_DATE为 '2024-09-30'！！！请特别注意：当前的报告期REPORT_DATE = '2024-09-30' !!!如果涉及报告期，请务必添加本条件!!!,,,,,1,,"2024-06-13 15:29:55",,"2024-11-06 14:26:26"
242,DOMAIN_CLS,,主板经营,8,"对于'STK_PRI_INCOME_INDUSTRY', 'STK_PRI_INCOME_PRODUCT', 'STK_PRI_INCOME_DISTRICT'这三张表，如果问题没有明确说明“地区”、“行业”、“产品”，那么我们默认选取产品对应的表：'STK_PRI_INCOME_PRODUCT'。",,,,,1,,"2024-06-13 15:29:55",,"2024-08-21 16:42:41"
243,DOMAIN,"",主板经营,333,"对于'STK_PRI_INCOME_INDUSTRY', 'STK_PRI_INCOME_PRODUCT', 'STK_PRI_INCOME_DISTRICT'这三张表，如果问题没有明确说明“地区”、“行业”、“产品”，那么我们默认优先选取产品对应的表：'STK_PRI_INCOME_PRODUCT'。",,,,,1,,"2024-06-13 15:29:55",,"2024-11-04 16:30:50"
245,GENERAL,,,1099,【避免命名冲突】请特别注意：在命名时，应尽量避免使用与 MySQL 保留关键字冲突的名称，例如“RANK”、“NAME”等。如果必须使用这些关键字，请使用反引号将其括起来，例如将其写为 `RANK` 和 `NAME`，以避免与 MySQL 保留关键字发生冲突。,,,,,1,,"2024-07-26 14:15:05",,"2024-07-28 19:18:52"
246,GENERAL,,,1099,"【MYSQL书写规则】请特别注意：在生成SQL语句或者修改MYSQL语句的时候，请务必注意在语句的最后以分号结尾："";""。",,,,,1,,"2024-07-26 14:15:05",,"2024-11-07 14:20:29"
247,GENERAL,,,999,在编写 SQL 查询时，尽量避免使用保留关键字作为标识符。如果必须使用，确保使用反引号进行正确引用，以避免语法错误。在编写 SQL 查询时，尽量避免使用保留关键字作为标识符。如果必须使用，确保使用反引号进行正确引用，以避免语法错误。,,,,,1,,"2024-07-26 14:15:05",,"2024-07-28 19:18:52"
248,GENERAL,,,1099,当用户提及“全A股”的时候，是想了解整个A股市场的总体表现，例如总利润、平均增长率等，请使用聚合函数对数据进行汇总。这将帮助获得宏观层面的洞察。,,,,,1,,"2024-07-26 14:15:05",,"2024-07-28 19:18:52"
252,TABLE,STK_ACHIEVE_FORECAST,上市公司业绩预告表,1,请特别注意： 1. DeclareDate代表业绩预告发布/提供/公布的时间，2. EndDate代表着业绩预告所关联的会计区间。如果用户没有明确指明会计区间，那么我们默认按照DeclareDate进行业绩预告期间的筛选，例如：2023年第四季度发布，则是指DeclareDate在2023-10-1到2023-12-31这个区间。,,,,,1,,"2024-08-06 22:25:48",,"2024-11-14 15:52:26"
253,GENERAL,,,9,"书写SQL时请注意，请不要使用递归CTE结构，即类似""WITH RECURSIVE ....""的结构!!!",,,,,1,,"2024-07-26 14:15:05",,"2024-07-30 15:27:34"
254,TABLE,STK_PRE_DISCLOSURE,定期报告披露预约时间表,199,"请注意，使用本表格的时候，需要关注：""PeriodDate""报告期字段和""ACT_DATE""实际披露日期。请结合问题中的语境判断，需要如何条件。一般来说，当用户问2023年医药行业公司披露时间，这个一般指条件为：报告期在2023年。",,,,,1,,"2024-10-22 13:38:37",,"2024-11-16 10:03:19"
256,TABLE,SUMMARY_ROADSHOW_INFO,纪要及路演,666,请注意区分以下两个表：（1）SUMMARY_ROADSHOW_INFO（2）SUMMARY_ROADSHOW_INFO_US。当问题涉及美股相关的纪要时，请优先使用 SUMMARY_ROADSHOW_INFO_US 表。如果仅涉及海外券商但与美股无关，我们认为这些券商关注国内 A 股市场的纪要，因此请【只使用】： SUMMARY_ROADSHOW_INFO 表。,,,,,1,,"2024-06-13 15:29:55",,"2024-11-30 21:00:31"
257,DOMAIN,"",内部信息查询,686,请注意在“内部信息查询”域下在进行SQL书写的时候，尽量不要使用“IS NOT NULL”这样严格的条件限制字段。请注意在“内部信息查询”域下在进行SQL书写的时候，尽量不要使用“IS NOT NULL”这样严格的条件限制字段。,,,,,1,,"2024-06-13 15:29:55",,"2024-10-17 17:47:40"
258,TABLE_CLS,,基金相关,14,"当问题涉及到基金对应的""成分股""信息的时候，请将如下两个表纳入：1. ""FUND_PORTFOLIO_DETAIL""以及2.""FUND_ASSET_ALLOCATION""这两个表。",,,,,1,,"2024-08-13 11:03:11",,"2024-11-21 13:07:24"
265,DOMAIN,"",内部信息查询,97,"在书写SQL的时候，请注意，当涉及到""行业""的时候，请将行业作为一个可选条件而不是必须要满足！！！",,,,,1,,"2024-06-13 15:29:55",,"2024-10-17 17:47:40"
269,DOMAIN,"",内部信息查询,218,"该问题可能涉及到申万X级行业，X级行业名称为""XXXX"";",,,,,1,,"2024-06-13 15:29:55",,"2024-08-15 15:29:55"
274,TABLE,INVESTIGATE_MAIN_MEETING,策略会,9,本表格，允许使用TITLE字段，对于使用的行业、股票、机构等条件，请需要保证至少出现在如下：（1）标题、（2）相关条件 中！！！并且请对字段条件进行适当的扩写，例如机构包含机构全称、简称、英文名等。,,,,,1,,"2024-08-06 22:25:48",,"2024-11-28 17:55:51"
275,TABLE,INVESTIGATE_MAIN,调研,9,本表格，允许使用TITLE字段，对于使用的行业、股票、机构等条件，请需要保证至少出现在如下：（1）标题、（2）相关条件 中！！！并且请对字段条件进行适当的扩写，例如机构包含机构全称、简称、英文名等。,,,,,1,,"2024-08-06 22:25:48",,"2024-11-28 17:55:56"
276,DOMAIN_CLS,"",内部信息查询,988,如果问题中，用户只提及了“调研”相关信息，请只考虑：'调研通知'。,,,,,1,,"2024-06-13 15:29:55",,"2024-11-25 19:46:31"
277,TABLE,ROADSHOW_MAIN,路演,9,本表格，允许使用TITLE字段，对于使用的行业、股票、机构等条件，请需要保证至少出现在如下：（1）标题、（2）相关条件 中！！！并且请对字段条件进行适当的扩写，例如机构包含机构全称、简称、英文名等。,,,,,1,,"2024-08-06 22:25:48",,"2024-11-28 17:55:57"
278,TABLE,ROADSHOW_MAIN_US,海外路演,9,本表格，允许使用TITLE字段，对于使用的行业、股票、机构等条件，请需要保证至少出现在如下：（1）标题、（2）相关条件 中！！！并且请对字段条件进行适当的扩写，例如机构包含机构全称、简称、英文名等。,,,,,1,,"2024-08-06 22:25:48",,"2024-11-28 17:55:57"
280,TABLE,CMNT_INFO,点评信息,19,"【问题中涉及的个股关联】如果想要关联公司或者股票名称，请参考使用如下SQL片段，用股票名通过MSTR_CNAME字段模糊匹配：“”“select CMNT_HCODE , DIM_TYPE , MSTR_CNAME  from CMNT_RELA cr  where DIM_TYPE = 'STOCK' and MSTR_CNAME LIKE ""%中国中免%""”“”。",,,,,1,,"2024-08-06 22:25:48",,"2024-12-04 18:01:25"
281,TABLE,CMNT_INFO,点评信息,29,"【问题中涉及的行业关联】如果想要关联申万一级行业名称，请参考使用如下SQL片段，通过MSTR_CNMAE模糊匹配行业名称：“”“select CMNT_HCODE , DIM_TYPE , MSTR_CNAME  from CMNT_RELA cr  where DIM_TYPE = 'INDUSTRY' and MSTR_CNAME LIKE ""%电子%""”“”。",,,,,1,,"2024-08-06 22:25:48",,"2024-12-04 18:02:09"
283,TABLE,SUMMARY_ROADSHOW_INFO,纪要及路演,998,请特别注意，如果问题中的公司不涉及到A股上市公司，那么请不要对公司名和任何字段进行关联！！！,,,,,1,,"2024-06-13 15:29:55",,"2024-11-28 11:47:54"
285,DOMAIN,"",主板财务,78,选股问题用户不指定日期都用最新时间！！！,,,,,1,,"2024-06-13 15:29:55",,"2024-10-17 17:47:42"
297,DOMAIN_CLS,"",查资料,998,"当问题意图不明确的时候，没有明确说明想要哪个类别材料时，请同时考虑：""会议纪要""、""点评信息""、""研报信息""、""公众号信息""。例如问题：东吴证券2025年展望。
当问题意图不明确的时候，没有明确说明想要哪个类别材料时，只是提了一个投资研究问题，请同时考虑：""会议纪要""、""点评信息""、""研报信息""、""公众号信息""。例如问题：金域医学发布的医疗大模型叫什么？",,,,,0,,"2024-06-13 15:29:55",,"2025-01-08 14:40:14"
300,DOMAIN_CLS,,个股相关,2,当用户问到”XXXX旗下有哪些公司？“这类问题的时候，我们主要考虑股东相关的域。,,,,,1,,"2024-06-13 15:29:55",,"2024-10-17 17:47:12"
301,TABLE,SUMMARY_ROADSHOW_INFO_US,会议纪要,139,请注意：表中的 SEC_JSON 涉及个股（包括个股及其对应的码值），关联个股名称。如果涉及到个股，请使用以下任一条件进行模糊匹配，只需满足其中一个即可：（1）股票中文名；（2）股票代码。例如：SEC_JSON LIKE '%GOOG.US%' OR SEC_JSON LIKE '%谷歌%'。,,,,,1,,"2024-06-13 15:29:55",,"2024-12-02 13:35:48"
303,TABLE,NXNY_REPORT_MAIN,研报信息,104,"请重点关注请重点关注""REPORT_TYPE""字段，请重点关注""REPORT_TYPE""字段，请重点关注""REPORT_TYPE""字段！！！填写条件时请注意以下要求：
#关联字段#：根据用户的问题，务必将其关联到 REPORT_TYPE（报告类别）字段！！！
#筛选条件#：匹配特定值：如果用户的问题明确涉及某个报告类别，请匹配该具体值。字段为空：同时考虑 REPORT_TYPE 字段为空（NULL）的情况，以确保包含未分类的报告。
#示例#：REPORT_TYPE = ""XXXX"" OR REPORT_TYPE IS NULL。
#注意#： 如果用户提及”想看某行业所对应的公司“时，我们考虑”A股公司研究“类别。",,,,,1,,"2024-06-13 15:29:55",,"2024-12-04 19:26:01"
304,TABLE,NXNY_REPORT_MAIN_US,研报信息,105,"请重点关注请重点关注""REPORT_TYPE""字段，请重点关注""REPORT_TYPE""字段，请重点关注""REPORT_TYPE""字段！！！填写条件时请注意以下要求：
#关联字段#：根据用户的问题，务必将其关联到 REPORT_TYPE（报告类别）字段！！！
#筛选条件#：匹配特定值：如果用户的问题明确涉及某个报告类别，请匹配该具体值。字段为空：同时考虑 REPORT_TYPE 字段为空（NULL）的情况，以确保包含未分类的报告。
#示例#：REPORT_TYPE = ""行业研究"" OR REPORT_TYPE IS NULL。
#注意#： 如果用户提及”想看某行业所对应的公司“时，我们考虑”公司研究“类别。",,,,,1,,"2024-06-13 15:29:55",,"2024-12-04 19:26:14"
305,DOMAIN_CLS,"",查资料,408,请特别注意：当用户提到”研究框架“和”深度“（深度报告）的时候，请优先考虑”研报信息“。,,,,,1,,"2024-06-13 15:29:55",,"2025-01-08 14:40:14"
310,GENERAL,,,88,请注意所提供的表格中，datetime类别的字段，请不要使用基于字符串的模糊匹配方式进行匹配，例如PeriodDate LIKE '%-12-31'，这样会出现问题。,,,,,1,,"2024-07-26 14:15:05",,"2024-11-05 13:19:44"
311,GENERAL,,,99,请在书写SQL查询的时候，当表格和字段信息和专家知识发生冲突的时候，请以表格和字段信息为准！！！,,,,,1,,"2024-07-26 14:15:05",,"2024-11-05 13:19:44"
312,GENERAL,,,81,"请特别注意，datetime 类型的字段格式为 ""YYYY-MM-DD HH:MM:SS.sss""（例如 ""2024-03-31 00:00:00.000""）。在编写 SQL 查询条件时，请特别留意。",,,,,1,,"2024-07-26 14:15:05",,"2024-12-09 19:37:34"
313,TABLE,STK_COM_PROFILE,上市公司基本信息表,99,"请特别注意： 当使用本表的时候，如果需要匹配公司名称，请特别注意，使用""STK_COM_PROFILE""这个表的时候，请尽量使用模糊匹配，并且尽量关联CSName，即公司简称，例如 CSName LIKE ""%贵州茅台%""。",,,,,1,,"2024-08-06 22:25:48",,"2025-02-02 13:49:25"
314,GENERAL,,,8881,【查询性能】虽然CTE能提高可读性，但大量的嵌套与分段计算可能会影响优化器的全局优化能力。适当合并CTE或利用窗口函数等特性，在单个查询中直接获取所需的初始、最终值或统计结果，可提升性能。检查 DISTINCT 是否真的需要，避免不必要的数据去重操作!!!通过窗口函数、条件聚合等方式减少重复的中间计算步骤，将多个步骤合并到同一个查询中，有助于提升性能。请检查 DISTINCT 是否真的需要，避免不必要的数据去重操作!!!,,,,,1,,"2024-07-26 14:15:05",,"2025-01-04 19:43:55"
315,TABLE,STK_MNG_POST,高管及其他重要员工任职表,1299,请特别注意：当使用本表时，如果用户想查询特定职位（POST）的信息，请勿在 SQL 语句中将其作为筛选条件，例如使用 POST LIKE '%副总裁%'。您只需展示满足其他条件的结果，后续将通过其他流程对 POST 进行语义筛选。,,,,,1,,"2024-08-06 22:25:48",,"2024-11-14 15:52:26"
316,GENERAL,,,77,请特别注意，在书写SQL时，为了让用户更好地理解SQL结果，请将所有参与计算的指标字段一并进行展示输出！！！,,,,,1,,"2024-07-26 14:15:05",,"2024-11-05 13:19:44"
317,GENERAL,,,73,请特别注意：当查询中使用 SELECT DISTINCT 时，MySQL 要求 ORDER BY 子句中使用的所有列必须包含在 SELECT 列表中！！！,,,,,1,,"2024-07-26 14:15:05",,"2024-07-28 19:18:52"
318,GENERAL,,,8,在书写SQL的时候，请尽量不要使用LAG函数，因为你无法确定其中的数据的频度。,,,,,1,,"2024-07-26 14:15:05",,"2024-11-05 13:19:44"
320,DOMAIN_CLS,,个股相关,3,当用户没有明确表达是A股还是港股的时候，我们优先考虑A股公司。例如“医药行业XXXX？”,,,,,1,,"2024-06-13 15:29:55",,"2024-08-21 16:42:41"
321,GENERAL,,,988,请特别注意，当用户问题涉及“XXX行业”、“XXX板块”等的时候，往往指的是这个这个行业或者板块的聚合结果，请在公司的基础上进行聚合。,,,,,1,,"2024-07-26 14:15:05",,"2024-12-09 19:37:34"
324,GENERAL,,,1088,"在 MySQL 中，开启 ONLY_FULL_GROUP_BY 模式后，编写聚合查询（SELECT 语句中含有聚合函数，如 AVG, COUNT, SUM 等）时，所有在 SELECT 中出现但没有应用聚合函数的列，都必须在 GROUP BY 子句中出现，否则就会报错。请特别注意！
",,,,,1,,"2024-07-26 14:15:05",,"2024-12-09 19:37:34"
325,GENERAL,,,1098,请特别注意：由于收盘时间存在延迟，在编写 SQL 查询时，如果需要筛选最近的交易日，请使用当前日期的前一天作为过滤条件！！！,,,,,1,,"2024-07-26 14:15:05",,"2024-12-31 15:52:20"
328,GENERAL,,,1938,在书写SQL的时候，如果将日期作为条件的时候，请使用单引号扩起来，例如 END_DATE >= '2013-07-01' ！！！,,,,,1,,"2024-07-26 14:15:05",,"2024-12-26 14:18:36"
329,TABLE,STK_COM_PROFILE,上市公司基本信息表,1399,"请特别注意：当使用本表时，如果使用""PRI_BIZ""字段对业务进行模糊筛选，请尽量根据query问题进行一定扩写后，再进行过滤筛选。例如“云厂商相关公司"", PRI_BIZ LIKE ""云计算"" or PRI_BIZ LIKE ""云存储"" or PRI_BIZ LIKE ""云平台""，不要只是用单个字，例如PRI_BIZ LIKE ""云""！！！例如“升压变有些公司“， PRI_BIZ LIKE ""升压"" or PRI_BIZ LIKE ""变压"" or PRI_BIZ LIKE ""升压变压器""。在进行模糊筛选的时候，请至少使用4个条件。",,,,,1,,"2024-08-06 22:25:48",,"2024-12-31 15:38:29"
330,GENERAL,,,727,请注意：将 ORDER BY 中使用的列包含在 SELECT 列表中，如果确实需要使用 DISTINCT，请确保 ORDER BY 子句中引用的所有列都包含在 SELECT 语句的 SELECT 列表中。,,,,,1,,"2024-07-26 14:15:05",,"2024-11-05 13:19:44"
332,GENERAL,,,747,请注意，在进行计算的时候，不要使用YEAR()获取年度进行聚合统计或者计算，因为你不知道数据的频率是多少！！！不要使用YEAR()获取年度进行聚合统计或者计算，因为你不知道数据的频率是多少！！！,,,,,1,,"2024-07-26 14:15:05",,"2024-11-05 13:19:44"
333,GENERAL,,,89,请尽量不要使用DISTINCT！！！请尽量不要使用DISTINCT！！！请尽量不要使用DISTINCT！！！请尽量不要使用DISTINCT！！！,,,,,1,,"2024-07-26 14:15:05",,"2024-11-05 13:19:44"
334,TABLE,STK_COM_PROFILE,上市公司基本信息表,106,请特别注意：如果用户query想要筛选和“XXXX相关”的公司，如果背景知识中获取了对应的行业和题材板块，请优先以行业、题材映射为准，不要使用PRI_BIZ字段进行模糊匹配查询。如果不包含行业或者题材，则使用本表的PRI_BIZ字段匹配。,,,,,1,,"2024-06-13 15:29:55",,"2025-02-02 13:50:34"
336,DOMAIN_CLS,"",查资料,409,请特别注意：如果实体抽取中抽取到了“机构”信息，那么请不要考虑“外资研报”。,,,,,1,,"2024-06-13 15:29:55",,"2025-01-08 14:40:14"
337,TABLE,STK_PRI_INCOME_DISTRICT,主营业务收入按地区分布表,116,请特别注意：如果问题提及“营收占比”“收入占比”等，请优先考虑：【PRI_RVNU_PCT】 这个字段，代表：占营业收入比重！！！,,,,,1,,"2024-06-13 15:29:55",,"2025-01-08 20:36:20"
338,TABLE,STK_PRI_INCOME_PRODUCT,主营业务收入按产品分布表,126,请特别注意：如果问题提及“营收占比”“收入占比”等，请优先考虑：【PRI_RVNU_PCT】 这个字段，代表：占营业收入比重！！！,,,,,1,,"2024-06-13 15:29:55",,"2025-01-08 20:36:21"
339,TABLE,STI_PRI_INCOME_PRODUCT,科创板主营业务收入按产品分布表,136,请特别注意：如果问题提及“营收占比”“收入占比”等，请优先考虑：【PRI_RVNU_PCT】 这个字段，代表：占营业收入比重！！！,,,,,1,,"2024-06-13 15:29:55",,"2025-01-08 20:36:21"
340,TABLE,STI_PRI_INCOME_DISTRICT,科创板主营业务收入按地区分布表,146,请特别注意：如果问题提及“营收占比”“收入占比”等，请优先考虑：【PRI_RVNU_PCT】 这个字段，代表：占营业收入比重！！！,,,,,1,,"2024-06-13 15:29:55",,"2025-01-08 20:36:21"
342,GENERAL,,,17,请注意：当问到”加速增长“这类的时候，例如”净利润加速增长“，我们需要考虑增长率需要为正数(>0)。,,,,,1,,"2024-07-26 14:15:05",,"2024-11-05 13:19:44"
343,DOMAIN_CLS,,个股相关,3,当用户问到：XXXXX参股/入股了XXXX公司，请优先考虑“主板股本股东”，不要考虑“主版公司行为”。,,,,,1,,"2024-06-13 15:29:55",,"2024-10-17 17:47:12"
344,DOMAIN,"",指数相关,668,宽基：通常指上证50（000016.SH），沪深300（000300.SH），中证500（000905.SH），中证800（000906.SH），中证1000（000852.SH），中证2000（932000.CSI），国证1000（399311.SZ），国证2000（399303.SZ），中证全指（000985.CSI），中证A50（930050.CSI），中证A500（000510.CSI），科创50（000688.SH），北证50（899050.BJ），创业板指（399006.SZ），恒生指数（HSI.HK），恒生港股通（HSHKI.HK）等。问题中涉及到比如“上证50，300，沪深300，宽基”时，将其转为具体的指数代码，不要用名称like进行查询！！！如果不了解对应的代码的时候，请对名称使用模糊匹配查询。,,,,,1,,"2024-06-13 15:29:55",,"2025-01-17 10:41:21"
345,DOMAIN,"",指数相关,669,股票市场整体水平：一般用中证全指（000985.CSI），基金整体水平：一般用中证偏股基金（930950.CSI）,,,,,1,,"2024-06-13 15:29:55",,"2024-10-17 17:47:42"
346,DOMAIN,"",指数相关,670,"默认的基金指数，中证的930950.CSI（我们系统中有值），如果客户专门提到了wind的885001（我们没有这个值），也可以转为对标中证930950.CSI，一般就是当做一个benchmark，指数值的差异不重要。“公募基金跑赢指数了吗”，可以用930950.CSI或者000300.SH。
",,,,,1,,"2024-06-13 15:29:55",,"2025-01-17 10:45:16"
347,DOMAIN,"",指数相关,671,"红利：最常用的：中证红利（000922.CSI，跟踪ETF数量最多），中证红利低波（H30269.CSI，跟踪etf与中证红利一样6个，合计规模低于中证红利），上证红利（000015.SH，单个ETF规模最大），深证红利（399324.SZ）。恒生高股息（HSSCHKY.HK），中证沪港深高股息指数（930918.CSI）。其他红利指数除非客户问题中指定，否则默认用中证红利（000922.CSI）即可。
",,,,,1,,"2024-06-13 15:29:55",,"2025-01-17 10:37:20"
348,DOMAIN,"",指数相关,672,"如果问题中提到类似“相对大盘超额，相对小盘超额”等与“大中小盘”有关的提问时：超大盘：上证50（000016.SH，期货对应IH合约） ，大盘：沪深300（000300.SH，期货对应IF）
中盘：中证500（000905.SH，期货对应IC），小盘：中证2000（932000.CSI， 中证1000期货对应IM），微盘：Wind有个专门的微盘指数，中证系没有对应的，最接近的是中证2000（932000.CSI）。",,,,,1,,"2024-06-13 15:29:55",,"2025-01-17 10:36:30"
349,DOMAIN,"",指数相关,673,"成长、价值、均衡风格：如果问题中提到类似“相对成长指数超额，相对价值超额”等与“成长、价值”这种风格有关的提问时：太保主动偏股价值基金指数：932292.CSI，太保主动偏股均衡基金：932293.CSI，太保主动偏股成长基金：932294.CSI，可用作价值、均衡、成长的benchmark。
",,,,,1,,"2024-06-13 15:29:55",,"2025-01-17 10:38:16"
350,DOMAIN,"",指数相关,674,指数增强：指数增强的基金，名字里都带“指数增强”4个字，like 查询即可。场内指数增强ETF，名字都带“增强策略”4个字，like查询即可。,,,,,1,,"2024-06-13 15:29:55",,"2024-10-17 17:47:42"
351,DOMAIN,"",指数相关,675,"【关于赛道】一般指如下6个赛道，对应6个赛道指数（不一定是市场习惯，我们自己系统中用这些指数作为赛道的benchmark）
科技：000998.CSI、制造：000962.CSI、金融：000934.SH、消费：000942.CSI、周期：000961.CSI、医药：000933.SH；
与行业、赛道有关的ETF查询：
select ETF_CODE,ETF_NAME,        size,        -- 大中小盘        STYLE,       -- 成长，价值        SECTOR,      -- 申万1级        SECTOR_2,    -- 申万2级        SECTOR_3,    -- 申万3级        TRACK        -- 赛道 from ETF_LABEL_INFO_CHINA where ETF_NAME like '%增强%'
",,,,,1,,"2024-06-13 15:29:55",,"2025-01-17 10:44:12"
353,TABLE,STK_PRI_INCOME_DISTRICT,主营业务收入按地区分布表,216,请尽量避免在本表中进行聚合和分组计算，仅进行条件查找和过滤。此外，ITEM_NAME 字段包含“合计”项，当用户查询总收入、总成本等信息时，可以通过筛选“合计”或者“总计”值来获取相应的数据。,,,,,1,,"2024-06-13 15:29:55",,"2025-01-08 20:36:20"
354,TABLE,STK_PRI_INCOME_PRODUCT,主营业务收入按产品分布表,226,请尽量避免在本表中进行聚合和分组计算，仅进行条件查找和过滤。此外，ITEM_NAME 字段包含“合计”项，当用户查询总收入、总成本等信息时，可以通过筛选“合计”或者“总计”值来获取相应的数据。,,,,,1,,"2024-06-13 15:29:55",,"2025-01-08 20:36:21"
355,TABLE,STI_PRI_INCOME_PRODUCT,科创板主营业务收入按产品分布表,236,请尽量避免在本表中进行聚合和分组计算，仅进行条件查找和过滤。此外，ITEM_NAME 字段包含“合计”项，当用户查询总收入、总成本等信息时，可以通过筛选“合计”或者“总计”值来获取相应的数据。,,,,,1,,"2024-06-13 15:29:55",,"2025-01-08 20:36:21"
356,TABLE,STI_PRI_INCOME_DISTRICT,科创板主营业务收入按地区分布表,246,请尽量避免在本表中进行聚合和分组计算，仅进行条件查找和过滤。此外，ITEM_NAME 字段包含“合计”项，当用户查询总收入、总成本等信息时，可以通过筛选“合计”或者“总计”值来获取相应的数据。,,,,,1,,"2024-06-13 15:29:55",,"2025-01-08 20:36:21"
358,DOMAIN,,基金相关,299,"如果问题中没有明确提及“债券基金，固收基金，FOF基金，被动基金”等字眼，默认一律筛选“主动权益类”基金作样本，即：
select * from FUND_PUBLIC.FUND_BENCHMARK where FUND_TYPE='股票型' and INVESTMENT_TYPE<>'指数型'
这个查询对应的基金样本。
同理，如果问题涉及基金经理（比如问收益率，规模等），除非问题中明确提及了“债券型，固收型，货币型，FOF，被动型”等字眼，否则一律用“主动权益型”的基金经理，即：
select * from FUND_MANAGER_INFO where MV_OF_STOCK/NET_VALUE>=0.447",,,,,1,,"2024-08-16 17:22:21",,"2024-11-05 16:26:22"
359,TABLE,INDEX_QUOTE_ALL,指数行情表,668,宽基：通常指上证50（000016.SH），沪深300（000300.SH），中证500（000905.SH），中证800（000906.SH），中证1000（000852.SH），中证2000（932000.CSI），国证1000（399311.SZ），国证2000（399303.SZ），中证全指（000985.CSI），中证A50（930050.CSI），中证A500（000510.CSI），科创50（000688.SH），北证50（899050.BJ），创业板指（399006.SZ），恒生指数（HSI.HK），恒生港股通（HSHKI.HK）等。问题中涉及到比如“上证50，300，沪深300，宽基”时，将其转为具体的指数代码，不要用名称like进行查询！！！如果不了解对应的代码的时候，请对名称使用模糊匹配查询。,,,,,1,,"2024-06-13 15:29:55",,"2025-01-17 10:41:21"
360,TABLE,INDEX_QUOTE_ALL,指数行情表,669,股票市场整体水平：一般用中证全指（000985.CSI），基金整体水平：一般用中证偏股基金（930950.CSI）,,,,,1,,"2024-06-13 15:29:55",,"2024-10-17 17:47:42"
361,TABLE,INDEX_QUOTE_ALL,指数行情表,670,"默认的基金指数，中证的930950.CSI（我们系统中有值），如果客户专门提到了wind的885001（我们没有这个值），也可以转为对标中证930950.CSI，一般就是当做一个benchmark，指数值的差异不重要。“公募基金跑赢指数了吗”，可以用930950.CSI或者000300.SH。
",,,,,1,,"2024-06-13 15:29:55",,"2025-01-17 10:45:16"
362,TABLE,INDEX_QUOTE_ALL,指数行情表,671,"红利：最常用的：中证红利（000922.CSI，跟踪ETF数量最多），中证红利低波（H30269.CSI，跟踪etf与中证红利一样6个，合计规模低于中证红利），上证红利（000015.SH，单个ETF规模最大），深证红利（399324.SZ）。恒生高股息（HSSCHKY.HK），中证沪港深高股息指数（930918.CSI）。其他红利指数除非客户问题中指定，否则默认用中证红利（000922.CSI）即可。
",,,,,1,,"2024-06-13 15:29:55",,"2025-01-17 10:37:20"
363,TABLE,INDEX_QUOTE_ALL,指数行情表,672,"如果问题中提到类似“相对大盘超额，相对小盘超额”等与“大中小盘”有关的提问时：超大盘：上证50（000016.SH，期货对应IH合约） ，大盘：沪深300（000300.SH，期货对应IF）
中盘：中证500（000905.SH，期货对应IC），小盘：中证2000（932000.CSI， 中证1000期货对应IM），微盘：Wind有个专门的微盘指数，中证系没有对应的，最接近的是中证2000（932000.CSI）。",,,,,1,,"2024-06-13 15:29:55",,"2025-01-17 10:36:30"
364,TABLE,INDEX_QUOTE_ALL,指数行情表,673,"成长、价值、均衡风格：如果问题中提到类似“相对成长指数超额，相对价值超额”等与“成长、价值”这种风格有关的提问时：太保主动偏股价值基金指数：932292.CSI，太保主动偏股均衡基金：932293.CSI，太保主动偏股成长基金：932294.CSI，可用作价值、均衡、成长的benchmark。
",,,,,1,,"2024-06-13 15:29:55",,"2025-01-17 10:38:16"
365,TABLE,INDEX_QUOTE_ALL,指数行情表,674,指数增强：指数增强的基金，名字里都带“指数增强”4个字，like 查询即可。场内指数增强ETF，名字都带“增强策略”4个字，like查询即可。,,,,,1,,"2024-06-13 15:29:55",,"2024-10-17 17:47:42"
366,DOMAIN,INDEX_QUOTE_ALL,指数行情表,675,"【关于赛道】一般指如下6个赛道，对应6个赛道指数（不一定是市场习惯，我们自己系统中用这些指数作为赛道的benchmark）
科技：000998.CSI、制造：000962.CSI、金融：000934.SH、消费：000942.CSI、周期：000961.CSI、医药：000933.SH；
与行业、赛道有关的ETF查询：
select ETF_CODE,ETF_NAME,        size,        -- 大中小盘        STYLE,       -- 成长，价值        SECTOR,      -- 申万1级        SECTOR_2,    -- 申万2级        SECTOR_3,    -- 申万3级        TRACK        -- 赛道 from ETF_LABEL_INFO_CHINA where ETF_NAME like '%增强%'
",,,,,1,,"2024-06-13 15:29:55",,"2024-10-17 17:47:42"
367,TABLE,GET_INDX_GEN_INFO,指数基本信息表,677,"请特别注意，本表中的INDX_CODE是指指数的代码，需要去除最后的后缀，例如""000300.SH""这个指数，只需要匹配""000300""这里。这个字段请不要使用模糊匹配！！！这个字段请不要使用模糊匹配！！！这个字段请不要使用模糊匹配！！！",,,,,1,,"2024-06-13 15:29:55",,"2025-01-17 11:33:20"
369,TABLE,INDEX_QUOTE_ALL,指数行情表,697,"请特别注意，本表中的INDEX_CODE是指数的代码，需要保留，例如""000300.SH""这个指数，需要保证"".SH""这个后缀存在。这个字段请不要使用模糊匹配！！！这个字段请不要使用模糊匹配！！！这个字段请不要使用模糊匹配！！！",,,,,1,,"2024-06-13 15:29:55",,"2025-01-17 11:33:20"
370,TABLE,SECU_LABEL_INFO,记录股票所属标签信息,9998,本表格，请默认添加 `SECU_LABEL_INFO` iS NULL 获取最新的数据。请默认添加 `SECU_LABEL_INFO` is NULL 获取最新的数据。请默认添加 `SECU_LABEL_INFO` is NULL 获取最新的数据。,,,,,1,,"2024-06-13 15:29:55",,"2025-01-23 13:24:35"
372,TABLE,GET_A_SEC_CODE,股票综合代码表,9899,【SQL附加结果显示】“当问题涉及到‘选股票’、‘选公司’等筛选个股、公司时，请确保每只个股的结果与表格中的以下字段关联：TCAP（股票的最新市值），COMB_SYMBOL（股票显示的代码），SW_INDU_CODE_2021_1（股票对应的申万一级行业名）。这三个字段应包含在SQL查询结果中。特别注意：最终展示给用户的股票代码应使用‘COMB_SYMBOL’字段中的信息！”,,,,,1,,"2024-08-06 22:25:48",,"2024-11-28 17:55:57"
373,TABLE,HK_STKCODE,香港股票代码表,9999,"请注意，在展示个股的股票代码时，如果使用STKCODE字段，请在SQL结果展示中，添加"".HK""后缀，方便用户理解为港股。",,,,,1,,"2024-08-06 22:25:48",,"2024-11-28 17:55:57"
374,DOMAIN_ONE,"","",1,"“社保基金”不属于""基金相关""中对应的基金产品类别，用户往往会问“社保基金”作为哪些公司的股东，则考虑""个股相关""分类。",,,,,1,,"2024-06-13 15:29:55",,"2024-10-17 17:47:42"
375,DOMAIN_ONE,"","",2,"当问题涉及到“题材”或者“板块”的时候，请考虑""个股相关""分类。",,,,,1,,"2024-06-13 15:29:55",,"2024-10-17 17:47:42"
376,GENERAL,,,98,"【展示输出规则】：如果在表格中使用了""COMCODE""或""INNER_CODE""字段，那么在 SELECT 语句中输出结果时，请按以下规则进行别名转换：COMCODE 转换为 内部公司代码
INNER_CODE 转换为 内部参考代码。即：COMCODE AS `内部公司代码`, INNER_CODE AS `内部参考代码`。",,,,,1,,"2024-07-26 14:15:05",,"2025-01-23 10:27:01"
377,DOMAIN,"",个股相关,729,"请注意【本条专家知识不适用于""STK_PRI_INCOME_DISTRICT""表和""STK_PRI_INCOME_PRODUCT""表】：目前2024年12月31日的年报还没有公布，最近的报告期为2024年9月30日。同时请特别注意：如果表格中含有“ENDDATE”字段截止日期，每家公司有各自的截止日期，请使用MAX(ENDDATE) 以及  ENDDATE <= XXXX 条件同时约束获得每个公司的截止日。",,,,,1,,"2024-06-13 15:29:55",,"2024-10-17 17:47:42"
378,DOMAIN,"",指数相关,739,请注意：目前2024年12月31日的年报还没有公布，最近的报告期为2024年9月30日。同时请特别注意：如果表格中含有“ENDDATE”字段截止日期，每家公司有各自的截止日期，请使用MAX(ENDDATE) 以及  ENDDATE <= XXXX 条件同时约束获得每个公司的截止日。,,,,,1,,"2024-06-13 15:29:55",,"2024-10-17 17:47:42"
380,DOMAIN,"",基金相关,749,请注意：目前2024年12月31日的基金年报已经公布，最近的报告期为2024年12月31日，最近的报告期为2024年12月31日。,,,,,1,,"2024-06-13 15:29:55",,"2024-10-17 17:47:42"
381,TABLE,LABEL_INFO,标签信息表,9998,在使用本表格时，如果用户的问题涉及行业分类但只提到“按行业”而未明确行业层级，则默认采用“申万一级行业”作为分类标准。,,,,,1,,"2024-06-13 15:29:55",,"2025-01-23 13:24:35"
382,DOMAIN,"",基金相关,799,"请特别注意，如果表格中含有""LABEL_NAME""字段，并且需要使用LABEL_NAME进行条件过滤的时候，对该字段，请参考背景信息和专家知识中的分析，同时务必使用【完全匹配】，不要使用模糊匹配。",,,,,1,,"2024-06-13 15:29:55",,"2024-10-17 17:47:42"
383,TABLE,STI_ACHIEVE_FORECAST,科创板公司业绩预告表,2,请特别注意： 1. DeclareDate代表业绩预告发布/提供/公布的时间，2. EndDate代表着业绩预告所关联的会计区间。如果用户没有明确指明会计区间，那么我们默认按照DeclareDate进行业绩预告期间的筛选，例如：2023年第四季度发布，则是指DeclareDate在2023-10-1到2023-12-31这个区间。,,,,,1,,"2024-08-06 22:25:48",,"2024-11-14 15:52:26"
385,GENERAL,,,9998,当对表格进行聚合计算时，请特别注意：对于【累计值】的表格，应尽量根据具体的截面时间来获得相关的具体值，而不是根据每个值进行聚合，因为每个值是累计的。如果是单季值，则可以进行聚合计算。,,,,,1,,"2024-07-26 14:15:05",,"2025-01-23 10:27:01"
386,TABLE_CLS,,个股相关,929,如果用户问题中涉及到公司，但是没有明确指明是A股主板、A股科创板还是港股，那么默认考虑 A股主板的公司！！！,,,,,1,,"2024-08-13 11:03:11",,"2025-01-14 12:02:47"
389,TABLE,GET_STK_SHR_CLS_DTL,十大股东持股类别明细表,2,请特别注意NAME字段中的公司为公司全名，参股公司（股东）未必是上市公司！！！如果需要查询参股公司（股东），我们只需要给出NAME字段中的名字即可！！！如果需要查询参股公司（股东），我们只需要给出NAME中的名字即可！！！,,,,,1,,"2024-08-06 22:25:48",,"2024-08-13 10:46:23"
390,TABLE,STK_COM_PROFILE,上市公司基本信息表,44,"请特别注意：如果使用本表的""PRI_BIZ""字段根据问题中的主营业务进匹配的同时，如果候选表格中包含“VW_CONCEPT_STK”表格，请务必考虑专家信息中涉及到的可能关联题材名称CONCEPT_NAME。请同时使用这两个条件来筛选出公司！！！请同时使用这两个条件来筛选出公司！！！如果使用本表的""PRI_BIZ""字段根据问题中的主营业务进匹配的同时，如果候选表格中包含“VW_CONCEPT_STK”表格，请务必考虑专家信息中涉及到的可能关联题材名称CONCEPT_NAME。请同时使用这两个条件来筛选出公司！！！请同时使用这两个条件来筛选出公司！！！",,,,,1,,"2024-08-06 22:25:48",,"2025-02-02 13:43:04"
391,GENERAL,,,2299,"请特别注意：如果用户query想要筛选和“XXXX相关”的公司，如果背景知识中获取了对应的行业和题材板块，请优先以行业、题材映射为准，不要使用STK_COM_PROFILE表中的""PRI_BIZ""字段进行模糊匹配查询。如果不包含行业或者题材，则使用STK_COM_PROFILE表中的PRI_BIZ字段匹配。",,,,,1,,"2024-07-26 14:15:05",,"2025-01-23 10:27:01"
