stockName,industryName
赛伯乐国际控股,社会服务
西王置业,房地产
金至尊集团,有色金属
银河娱乐,社会服务
易通讯集团,通信
迅捷环球控股,环保
天宝集团,农林牧渔
鼎亿集团投资,非银金融
深圳控股,房地产
国美金融科技,计算机
广汇宝信,汽车
谢瑞麟,美容护理
先机企业集团,计算机
人和科技,计算机
荣智控股,电子
仁恒实业控股,房地产
AV策划推广,传媒
潼关黄金,有色金属
中国金茂,房地产
中电华大科技,电子
吉利汽车,汽车
和记电讯香港,通信
中国再生能源投资,环保
透云生物,医药生物
中电控股,公用事业
新明中国,食品饮料
南顺(香港),轻工制造
华控康泰,医药生物
中国光大银行,银行
港华智慧能源,公用事业
中生北控生物科技,医药生物
永嘉集团,房地产
中国口腔产业,医药生物
金川国际,有色金属
爪哇控股,通信
瑞强集团,机械设备
万民好物,商贸零售
三生制药,医药生物
新耀莱,食品饮料
大湾区聚变力量,电力设备
北方矿业,有色金属
励晶太平洋,电子
西部水泥,建筑材料
兴铭控股,商贸零售
中泰期货,非银金融
比高集团,家用电器
长城微光,电子
华盛国际控股,社会服务
国农金融投资,非银金融
弘毅文化集团,社会服务
ATLINKS,通信
丽珠医药,医药生物
兴业合金,有色金属
神州控股,计算机
大家乐集团,社会服务
俊裕地基,建筑装饰
新世界发展,房地产
滨海泰达物流,交通运输
朝威控股,建筑材料
灵宝黄金,有色金属
大昌微线集团,电子
万成集团股份,轻工制造
中国石油化工股份,石油石化
中国中铁,建筑装饰
长盈集团(控股),商贸零售
珠光控股,房地产
华润医疗,医药生物
仁德资源,有色金属
中华国际,社会服务
中国罕王,有色金属
南戈壁,有色金属
飞霓控股,电子
畅由联盟,通信
时计宝,非银金融
中国铝罐,有色金属
剑虹集团控股,纺织服饰
九台农商银行,银行
ECI TECH,计算机
中银航空租赁,非银金融
绿色经济,建筑装饰
中国金属利用,有色金属
九兴控股,纺织服饰
世纪阳光,电力设备
好孩子国际,商贸零售
新龙移动,通信
江苏宁沪高速公路,交通运输
网龙,传媒
中国上城,房地产
华油能源,石油石化
阜博集团,传媒
兴利(香港)控股,汽车
资本界金控,非银金融
长安民生物流,交通运输
世界(集团),商贸零售
中国前沿科技集团,社会服务
荣晖国际,商贸零售
康华医疗,医药生物
稻香控股,食品饮料
华宝国际,基础化工
中国新城市,房地产
璋利国际,汽车
中国健康科技集团,医药生物
品创控股,计算机
时代环球集团,环保
完美医疗,医药生物
海螺水泥,建筑材料
郑煤机,机械设备
APOLLO出行,纺织服饰
中国投融资,非银金融
NATIONAL ELEC H,电子
大悦城地产,房地产
万成环球控股,环保
百能国际能源,石油石化
易纬集团,电子
御德国际控股,医药生物
IMAX CHINA,传媒
亚洲电视控股,传媒
中国医疗集团,医药生物
瑞丰动力,电力设备
礼建德集团,机械设备
正乾金融控股,非银金融
中国财险,非银金融
智云国际控股,纺织服饰
国富创新,电子
美联集团,美容护理
泛海集团,交通运输
信保环球控股,非银金融
中国波顿,汽车
百福控股,食品饮料
联想集团,计算机
饮食天王(环球),食品饮料
阿仕特朗金融,非银金融
中国黄金国际,有色金属
亚势备份,计算机
光尚文化控股,传媒
雅居投资控股,房地产
金涌投资,非银金融
汉港控股,房地产
科劲国际,机械设备
BRILLIANCE CHI,汽车
绿城中国,房地产
泰凌医药,医药生物
恒投证券,非银金融
时代中国控股,房地产
MAYER HOLDINGS,商贸零售
新确科技,计算机
龙源电力,公用事业
北京汽车,汽车
亚积邦租赁,非银金融
宝业集团,房地产
ALCO HOLDINGS,家用电器
海通证券,非银金融
同方泰德,计算机
叶氏化工集团,基础化工
中泽丰,非银金融
中国长远,公用事业
濠亮环球,环保
金力集团,有色金属
东方汇财证券,非银金融
汇丰控股,银行
世纪娱乐国际,传媒
金界控股,社会服务
绿叶制药,医药生物
开源控股,通信
REF HOLDINGS,传媒
中国金典集团,纺织服饰
远东宏信,非银金融
财华社集团,传媒
中国银行,银行
新百利融资,非银金融
国药科技股份,医药生物
富力地产,房地产
中薇金融,非银金融
安保工程控股,建筑装饰
绿领控股,环保
大唐新能源,公用事业
AV CONCEPT HOLD,通信
星岛,传媒
TOM集团,传媒
吉盛集团控股,商贸零售
卡姆丹克太阳能,电力设备
国药控股,医药生物
自动系统,计算机
中电光谷,电子
中基长寿科学,医药生物
联康生物科技集团,医药生物
生活概念,社会服务
怡邦行控股,轻工制造
徽商银行,银行
致浩达控股,电子
万国国际矿业,有色金属
华津国际控股,非银金融
天安,房地产
电讯数码控股,通信
首佳科技,电子
积木集团,轻工制造
远洋集团,房地产
融创中国,房地产
长飞光纤光缆,通信
中国铝业,有色金属
福田实业,轻工制造
恒安国际,美容护理
中油燃气,公用事业
协鑫新能源,公用事业
南南资源,煤炭
亚太金融投资,银行
康哲药业,医药生物
易生活控股,商贸零售
味丹国际,食品饮料
爱得威建设集团,建筑装饰
中国华君,建筑材料
中国银河,非银金融
宇华教育,社会服务
通达集团,电子
辰罡科技,电子
电能实业,公用事业
爱达利网络,通信
建业地产,房地产
集一控股,汽车
保德国际发展,房地产
融信中国,房地产
新华汇富金融,非银金融
超盈国际控股,纺织服饰
协鑫科技,电力设备
中国航天万源,国防军工
贸易通,通信
首控集团,汽车
中国奥园,房地产
东江环保,环保
正业国际,轻工制造
慧聪集团,商贸零售
冠军科技集团,计算机
佰悦集团,商贸零售
海天国际,机械设备
万洲国际,食品饮料
伟禄集团,轻工制造
联洋智能控股,通信
弘和仁爱医疗,医药生物
中国燃气,公用事业
KFM金德,基础化工
开达集团,汽车
金源发展国际实业,轻工制造
太平洋网络,通信
安莉芳控股,纺织服饰
米格国际控股,医药生物
CNT GROUP,石油石化
美瑞健康国际,医药生物
中金公司,非银金融
日本共生,社会服务
沛然环保,环保
激成投资,非银金融
满地科技股份,计算机
大生地产,房地产
大中华控股,房地产
HSSP INTL,商贸零售
中国天化工,基础化工
顺龙控股,房地产
爱康医疗,医药生物
新华联合投资,非银金融
金山软件,计算机
华富建业金融,非银金融
阿尔法企业,机械设备
TL NATURAL GAS,石油石化
汉国置业,房地产
网誉科技,计算机
周生生,纺织服饰
维亮控股,房地产
比亚迪股份,汽车
水发兴业能源,公用事业
国浩集团,房地产
稀美资源,有色金属
星凯控股,通信
高伟电子,电子
H&H国际控股,食品饮料
长城汽车,汽车
凌锐控股,电子
骏杰集团控股,商贸零售
东方大学城控股,社会服务
进智公共交通,交通运输
新疆新鑫矿业,有色金属
中国软件国际,计算机
龙湖集团,房地产
万科企业,房地产
弘业期货,非银金融
华润医药,医药生物
重庆银行,银行
原生态牧业,农林牧渔
浪潮数字企业,计算机
世纪金花,商贸零售
盈利时,商贸零售
元亨燃气,公用事业
CEC INT'L HOLD,电子
中国派对文化,传媒
中星集团控股,通信
艾硕控股,电子
安踏体育,纺织服饰
澳门励骏,社会服务
大新银行集团,银行
HTSC,非银金融
黎氏企业,汽车
广南(集团),农林牧渔
英皇钟表珠宝,轻工制造
建联集团,房地产
时代电气,机械设备
天安卓健,医药生物
开明投资,非银金融
AEON CREDIT,非银金融
香港兴业国际,房地产
帝国金融集团,非银金融
亿都(国际控股),汽车
绿地香港,房地产
岁宝百货,商贸零售
石四药集团,医药生物
宏强控股,通信
信利国际,电子
霭华押业信贷,非银金融
嘉士利集团,食品饮料
建发新胜,轻工制造
比优集团,汽车
中国国航,交通运输
中州证券,非银金融
上海医药,医药生物
丰盛生活服务,社会服务
德永佳集团,纺织服饰
未来数据集团,计算机
华大酒店,社会服务
胜利证券,非银金融
大象未来集团,计算机
兴达国际,非银金融
陈唱国际,传媒
京西国际,机械设备
中建富通,建筑材料
皇冠环球集团,商贸零售
现代牙科,医药生物
安徽皖通高速公路,交通运输
朗华国际集团,计算机
欣融国际,非银金融
腾邦控股,交通运输
数字王国,传媒
综合环保集团,环保
寰宇娱乐文化,传媒
龙光集团,房地产
百盛集团,商贸零售
中华银科技,通信
味千(中国),食品饮料
万景控股,房地产
胜狮货柜,交通运输
中升控股,汽车
精优药业,医药生物
渝太地产,房地产
悦达国际控股,汽车
思博系统,计算机
九龙仓集团,房地产
德昌电机控股,汽车
东方电气,电力设备
永丰集团控股,建筑材料
意力国际,非银金融
新利软件,计算机
中国建筑兴业,房地产
帝王国际投资,非银金融
飞鱼科技,电子
INTL GENIUS,计算机
杭品生活科技,家用电器
中国管业,建筑材料
北京燃气蓝天,公用事业
中联重科,机械设备
永胜医疗,医药生物
佳明集团控股,轻工制造
曼妠,美容护理
声扬集团,通信
中国民航信息网络,计算机
惠生工程,机械设备
京信通信,通信
拉夏贝尔,纺织服饰
元征科技,计算机
华能国际电力股份,公用事业
力鸿检验,环保
东岳集团,基础化工
光启科学,通信
康大食品,食品饮料
南大苏富特,电子
电子交易集团,通信
英记茶庄集团,食品饮料
威胜控股,机械设备
新华文轩,传媒
环球信贷集团,非银金融
雅高控股,家用电器
律齐文化,传媒
亿达中国,房地产
金慧科技,电子
中国智慧能源,公用事业
超人智能,计算机
宝新置地,房地产
天虹国际集团,纺织服饰
齐合环保,环保
中国大冶有色金属,有色金属
奥星生命科技,医药生物
中民控股,房地产
俊知集团,计算机
诺发集团,医药生物
SOHO中国,房地产
宝胜国际,商贸零售
国瑞健康,房地产
中海石油化学,石油石化
有利集团,轻工制造
道和环球,环保
卓尔智联,计算机
华众车载,汽车
城建设计,建筑装饰
善裕集团控股,汽车
航天控股,国防军工
中国诚通发展集团,交通运输
雨润食品,食品饮料
快意智能,计算机
天平道合,房地产
长江制衣,纺织服饰
青岛港,交通运输
迪米生活控股,美容护理
枫叶教育,社会服务
新华保险,非银金融
联合能源集团,石油石化
永恒策略,非银金融
郑州银行,银行
TAI PING CARPET,轻工制造
京基金融国际,非银金融
四川能投发展,公用事业
远大医药,医药生物
国美零售,商贸零售
粤运交通,交通运输
博雅互动,传媒
中铝国际,建筑装饰
勇利投资,非银金融
爱世纪集团,美容护理
白花油,美容护理
锦兴国际控股,商贸零售
天津津燃公用,公用事业
先施,商贸零售
海隆控股,交通运输
西藏水资源,食品饮料
MATRIX HOLDINGS,美容护理
中国数字视频,传媒
国家联合资源,石油石化
新时代能源,公用事业
景福集团,商贸零售
汇力资源,有色金属
渣打集团,银行
巨匠建设,房地产
天工国际,钢铁
亚洲能源物流,交通运输
吉星新能源,电力设备
中盈盛达融资担保,非银金融
新鸿基地产,房地产
赢家时尚,纺织服饰
天玺曜11,食品饮料
金奥国际,通信
马鞍山钢铁股份,钢铁
英皇娱乐酒店,社会服务
中国置业投资,房地产
恒泰裕集团,房地产
远见控股,非银金融
海峡石油化工,石油石化
知行集团控股,社会服务
浩柏国际,计算机
青建国际,建筑材料
酷派集团,电子
实德环球,环保
澳洲成峰高教,社会服务
欧科云链,计算机
浙江联合投资,非银金融
西证国际证券,非银金融
天彩控股,纺织服饰
东方企控集团,非银金融
东骏控股,房地产
星谦发展,房地产
金马能源,煤炭
中国智能科技,计算机
铁建装备,机械设备
中国海外宏洋集团,房地产
富阳,房地产
利骏集团香港,商贸零售
亚洲联合基建控股,建筑装饰
天福,食品饮料
昊海生物科技,医药生物
中木国际,建筑材料
壹照明,电子
升华兰德,电子
兴科蓉医药,医药生物
俊盟国际,轻工制造
星星集团,家用电器
瑞鑫国际集团,非银金融
洛阳钼业,有色金属
信义储电,电子
烯石电车新材料,汽车
亚洲富思,非银金融
川控股,石油石化
中国环保科技,环保
万事昌国际,非银金融
运兴泰集团,机械设备
香港小轮(集团),交通运输
中国新消费集团,商贸零售
中国华星,计算机
闽港控股,汽车
CHI HO DEV,房地产
统一企业中国,食品饮料
恒智控股,电子
彩生活,房地产
中兴通讯,通信
南方通信,通信
理文化工,基础化工
御佳控股,商贸零售
UTS MARKETING,计算机
中芯国际,电子
佳华百货控股,商贸零售
进业控股,传媒
亚博科技控股,电子
联想控股,计算机
中国旺旺,食品饮料
中国智能交通,交通运输
力劲科技,机械设备
星光集团,汽车
奥传思维控股,传媒
中国重汽,汽车
明发集团,房地产
世纪集团国际,公用事业
嘉耀控股,轻工制造
童园国际,纺织服饰
澳博控股,社会服务
恒达集团控股,汽车
中国生命集团,医药生物
莱蒙国际,房地产
中国油气控股,石油石化
云南水务,公用事业
中国有赞,计算机
天伦燃气,公用事业
融众金融,非银金融
畅捷通,计算机
布莱克万矿业,有色金属
友邦保险,非银金融
冠均国际控股,食品饮料
帝国科技集团,计算机
阿里健康,医药生物
民生银行,银行
中国宏桥,有色金属
有线宽频,传媒
金利来集团,纺织服饰
顺豪物业,房地产
能源及能量环球,环保
中国通信服务,通信
中国集成控股,电子
正商实业,房地产
连达科技控股,计算机
中国玻璃,建筑材料
云白国际,美容护理
同仁堂科技,医药生物
先健科技,医药生物
国银金租,非银金融
耀才证券金融,非银金融
普汇中金国际,非银金融
弘海高新资源,有色金属
建德国际控股,房地产
协合新能源,电力设备
中国新城镇,房地产
英皇文化产业,传媒
大成食品,食品饮料
财讯传媒,传媒
亿仕登控股,汽车
富智康集团,电子
WAI KEE HOLD,食品饮料
申港控股,交通运输
纷美包装,轻工制造
CWT INT'L,非银金融
恩典生命科技,医药生物
信和置业,房地产
全达电器集团控股,家用电器
佳兆业健康,社会服务
五矿地产,房地产
CLSA PREMIUM,非银金融
百宏实业,交通运输
中国艺术金融,传媒
高裕金融,非银金融
顺泰控股,非银金融
佐力小贷,非银金融
广泰国际控股,商贸零售
恒基发展,房地产
亿胜生物科技,医药生物
建业实业,建筑材料
中智药业,医药生物
游莱互动,传媒
延长石油国际,石油石化
宏辉集团,食品饮料
浙商银行,银行
山东国信,非银金融
天能动力,电力设备
大陆航空科技控股,国防军工
雅居乐集团,房地产
思城控股,房地产
皓文控股,计算机
信义光能,电力设备
COSMOPOL INT'L,房地产
呷哺呷哺,社会服务
中国神华,煤炭
山高控股,非银金融
太古地产,房地产
波司登,纺织服饰
传承教育集团,社会服务
大禹金融,非银金融
光大环境,环保
丰德丽控股,美容护理
WKK INTL (HOLD),建筑材料
中原银行,银行
特步国际,纺织服饰
中国环境资源,环保
北大青鸟环宇,计算机
隆成金融,非银金融
立高控股,家用电器
通天酒业,食品饮料
首程控股,非银金融
香港华人有限公司,商贸零售
香港科技探索,商贸零售
蜡笔小新食品,食品饮料
OKURA HOLDINGS,商贸零售
中国东方集团,钢铁
中国联通,通信
东亚银行,银行
易大宗,有色金属
卓悦控股,商贸零售
NANYANG HOLD,轻工制造
华营建筑,建筑装饰
阅文集团,传媒
新焦点,汽车
中国稀土,有色金属
金邦达宝嘉,轻工制造
修身堂,美容护理
天保能源,煤炭
交通银行,银行
华信地产财务,房地产
蓝河控股,环保
宏基集团控股,机械设备
K W NELSON GP,建筑装饰
国泰航空,交通运输
天时资源,有色金属
福田股份,汽车
现恒建筑,建筑装饰
迪诺斯环保,环保
仍志集团控股,汽车
首创钜大,房地产
悟喜生活,商贸零售
医思健康,美容护理
朗廷S,
海螺创业,环保
晶门半导体,电子
雄岸科技,计算机
VITASOY INT'L,食品饮料
药明生物,医药生物
玖源集团,基础化工
位元堂,医药生物
百利保控股,美容护理
新晨动力,汽车
国际精密,机械设备
鸿兴印刷集团,轻工制造
华润建材科技,建筑材料
李氏大药厂,医药生物
成实外教育,社会服务
天利控股集团,房地产
恩达集团控股,汽车
上海复旦,电子
卡森国际,房地产
凯顺控股,非银金融
江西铜业股份,有色金属
森浩集团,汽车
首惠产业金融,非银金融
紫金矿业,有色金属
山水水泥,建筑材料
聚利宝控股,非银金融
LET GROUP,社会服务
利亚零售,商贸零售
四威科技,计算机
联亚集团,轻工制造
骏东控股,汽车
锦艺集团控股,纺织服饰
新兴光学,电子
福寿园,社会服务
港通控股,交通运输
东瑞制药,医药生物
河北建设,建筑装饰
保集健康,医药生物
惠理集团,非银金融
宏利金融,非银金融
浦江中国,房地产
SHANGHAI GROWTH,房地产
德林国际,公用事业
新秀丽,轻工制造
华侨城(亚洲),房地产
新丝路文旅,社会服务
橙天嘉禾,传媒
新兴印刷,轻工制造
招商局港口,交通运输
安全货仓,交通运输
顺豪控股,非银金融
朗诗绿色管理,房地产
中国有色矿业,有色金属
艾伯科技,电子
普达特科技,电子
凯联国际酒店,社会服务
博骏教育,社会服务
中能控股,公用事业
金活医药集团,医药生物
建鹏控股,机械设备
九龙仓置业,房地产
富一国际控股,非银金融
世大控股,房地产
上海小南国,食品饮料
中石化油服,石油石化
北京北辰实业股份,房地产
重庆农村商业银行,银行
励时集团,计算机
大中华金融,非银金融
新宇环保,环保
雅仕维,传媒
中远海运港口,交通运输
双桦控股,机械设备
BOSSINI INT'L,纺织服饰
敏捷控股,汽车
胡桃资本,非银金融
英皇资本,非银金融
瑞安建业,房地产
粤港湾控股,交通运输
碧瑶绿色集团,环保
天韵国际控股,食品饮料
丘钛科技,电子
火山邑动国际控股,非银金融
嘉里物流,交通运输
冠中地产,房地产
利民实业,轻工制造
荣阳实业,轻工制造
京投交通科技,交通运输
环球实业科技,计算机
交银国际,非银金融
佐丹奴国际,纺织服饰
阿里影业,传媒
万邦投资,非银金融
万励达,电子
大唐潼金,有色金属
骏码半导体,电子
东胜智慧城市服务,社会服务
正利控股,非银金融
安东油田服务,石油石化
中广核电力,公用事业
大成生化科技,医药生物
联泰控股,非银金融
兴泸水务,公用事业
毅兴行,轻工制造
交大慧谷,计算机
百利达集团控股,汽车
荟萃国际(控股),商贸零售
华章科技,电子
中播数据,传媒
兖矿能源,煤炭
中国建材,建筑材料
扬科集团,纺织服饰
NIRAKU,社会服务
百勤油服,石油石化
中粮家佳康,食品饮料
巨涛海洋石油服务,石油石化
梧桐国际,房地产
YGM TRADING,商贸零售
金风科技,电力设备
英马斯集团,食品饮料
奥克斯国际,家用电器
信义玻璃,建筑材料
伟仕佳杰,计算机
丽丰控股,房地产
北大资源,有色金属
天津发展,商贸零售
骏高控股,房地产
飞尚无烟煤,煤炭
新奥能源,公用事业
天津银行,银行
中信建投证券,非银金融
信星集团,纺织服饰
润中国际控股,环保
中国电力,公用事业
白云山,医药生物
百本医护,医药生物
中国人寿,非银金融
中骏集团控股,房地产
理士国际,机械设备
高维科技,计算机
守益控股,非银金融
大众金融控股,非银金融
中华燃气,公用事业
中视金桥,传媒
香港宽频,通信
茂业国际,商贸零售
万科海外,房地产
维港育马,社会服务
泰达生物,医药生物
四洲集团,轻工制造
德祥地产,房地产
中国金融租赁,非银金融
碧生源,美容护理
信邦控股,机械设备
民银资本,非银金融
大洋集团,轻工制造
海天天线,通信
华禧控股,电子
华泰瑞银,非银金融
上海电气,电力设备
长实集团,房地产
中国淀粉,食品饮料
海通恒信,非银金融
木薯资源,农林牧渔
盛龙锦秀国际,房地产
国泰君安,非银金融
德莱建业,建筑装饰
奥思集团,通信
中国能源建设,建筑装饰
东建国际,建筑材料
盈大地产,房地产
中国来骑哦,石油石化
力丰(集团),轻工制造
洪桥集团,轻工制造
嘉利国际,食品饮料
信越控股,电子
港湾数字,计算机
中食民安,食品饮料
中远海能,交通运输
东阳光长江药业,医药生物
进升集团控股,商贸零售
国际资源,有色金属
中国天瑞水泥,建筑材料
青岛银行,银行
芯智控股,电子
千百度,纺织服饰
未来世界控股,社会服务
罗马元宇宙集团,计算机
美捷汇控股,美容护理
达力集团,房地产
经济日报集团,传媒
普甜食品,食品饮料
信达国际控股,非银金融
鞍钢股份,钢铁
超大现代,农林牧渔
京城机电股份,机械设备
邵氏兄弟控股,传媒
冠城钟表珠宝,纺织服饰
中天顺联,非银金融
天誉置业,房地产
凯盛新能,建筑材料
环球大通集团,交通运输
中国生物制药,医药生物
泰锦控股,轻工制造
泰升集团,建筑装饰
SDM教育,社会服务
洢人壹方控股,纺织服饰
高原之宝,食品饮料
加幂科技,电子
唐宫中国,食品饮料
辰兴发展,房地产
复旦张江,医药生物
DYNAM JAPAN,商贸零售
远东控股国际,非银金融
德泰新能源集团,电力设备
卡宾,纺织服饰
中加国信,机械设备
QPL INT'L,美容护理
和谐汽车,汽车
中煤能源,煤炭
盈健医疗,医药生物
FUTURE BRIGHT,房地产
电讯盈科,通信
怡康泰工程集团,机械设备
达利国际,食品饮料
HKE HOLDINGS,公用事业
普拉达,纺织服饰
中国再保险,非银金融
世纪城市国际,房地产
亲亲食品,食品饮料
金泰能源控股,石油石化
普星能量,电力设备
亚洲先锋娱乐,传媒
金阳新能源,纺织服饰
百仕达控股,商贸零售
承辉国际,轻工制造
万星控股,非银金融
华康生物医学,医药生物
重庆机电,机械设备
茂盛控股,轻工制造
远东酒店实业,社会服务
云游控股,传媒
现代健康科技,医药生物
361度,纺织服饰
讯智海,计算机
致丰工业电子,电子
中国信达,非银金融
银盛数惠,计算机
亚太资源,有色金属
中华汽车,汽车
大新金融,银行
龙资源,煤炭
中集集团,机械设备
STYLAND HOLD,机械设备
理文造纸,轻工制造
当代置业,房地产
深圳国际,交通运输
阳光能源,电力设备
万达酒店发展,社会服务
硅鑫集团,有色金属
中国铁钛,有色金属
中证国际,非银金融
高雅光学,电子
永旺,商贸零售
国联证券,非银金融
中国海外发展,房地产
众诚能源,公用事业
北京能源国际,公用事业
光大证券,非银金融
广汽集团,汽车
中国汽车内饰,汽车
阳光100中国,房地产
天德地产,房地产
长江基建集团,建筑装饰
中亚烯谷集团,基础化工
恒都集团,食品饮料
青岛控股,轻工制造
中国生态旅游,社会服务
永达汽车,汽车
PERFECTECH INTL,家用电器
上海先锋控股,计算机
欢喜传媒,传媒
南华金融,非银金融
TEAMWAY INTL GP,房地产
亨鑫科技,电子
赛晶科技,电子
宝光实业,轻工制造
中国铸晨81,非银金融
椰丰集团,食品饮料
华昱高速,交通运输
大丰港,电子
MI能源,石油石化
四川成渝高速公路,交通运输
金宝通,商贸零售
民商创科,计算机
汇隆控股,非银金融
中国秦发,纺织服饰
中国科创产业投资,非银金融
迪生创建,建筑装饰
克莉丝汀,美容护理
香港通讯国际控股,通信
紫元元,房地产
建业建荣,房地产
大唐发电,公用事业
浙江世宝,汽车
滇池水务,环保
宝积资本,非银金融
太平洋航运,交通运输
中国动向,纺织服饰
中远海控,交通运输
禹洲集团,房地产
广发证券,非银金融
合生创展集团,房地产
佳源国际控股,房地产
中国食品,食品饮料
旭日企业,轻工制造
路劲,房地产
顺腾国际控股,商贸零售
雅各臣科研制药,医药生物
嘉华国际,房地产
新都酒店,非银金融
华讯,通信
裕田中国,房地产
时腾科技,电子
企展控股,房地产
华润啤酒,食品饮料
超威动力,电力设备
威华达控股,社会服务
东方证券,非银金融
海纳星空科技,通信
中国金融投资管理,非银金融
亚太卫星,通信
北京健康,医药生物
国际商业结算,非银金融
嘉进投资国际,非银金融
胜龙国际,轻工制造
中国绿岛科技,环保
凤凰卫视,传媒
建滔集团,电子
嘉瑞国际,非银金融
应力控股,非银金融
新火科技控股,计算机
高山企业,农林牧渔
合景泰富集团,房地产
中国疏浚环保,环保
国联通信,通信
锦胜集团(控股),轻工制造
中国信息科技,计算机
方正控股,非银金融
向中国际,交通运输
信能低碳,石油石化
国际家居零售,商贸零售
正大企业国际,非银金融
中国外运,交通运输
栢能集团,石油石化
中裕能源,公用事业
莎莎国际,商贸零售
花样年控股,房地产
中国国家文化产业,传媒
怡园酒业,食品饮料
中国联塑,建筑材料
中核国际,国防军工
嬴集团,非银金融
MONGOL MINING,煤炭
金山能源,公用事业
圆通国际快递,交通运输
中船防务,国防军工
鸿伟亚洲,轻工制造
中国基础能源,公用事业
国恩控股,轻工制造
华联国际,商贸零售
德林控股,非银金融
舍图控股,房地产
西王特钢,钢铁
创维集团,家用电器
力图控股,计算机
隽泰控股,非银金融
博耳电力,电力设备
大明国际,有色金属
瑞慈医疗,医药生物
中国农产品交易,农林牧渔
天津港发展,交通运输
SINCEREWATCH HK,轻工制造
复星国际,综合
中国中冶,建筑装饰
伟能集团,电力设备
港亚控股,社会服务
高地股份,石油石化
晨鸣纸业,轻工制造
耀星科技集团,电子
玮俊生物科技,医药生物
BHCC HOLDING,建筑材料
碧桂园,房地产
湾区发展,交通运输
金沙中国有限公司,社会服务
晋景新能,公用事业
鹰君,社会服务
金蝶国际,计算机
美丽华酒店,社会服务
新创建集团,建筑装饰
越秀地产,房地产
达芙妮国际,纺织服饰
中国三江化工,基础化工
恒嘉融资租赁,非银金融
紫荆国际金融,非银金融
汉思能源,石油石化
信佳国际,汽车
十方控股,轻工制造
奥邦建筑,建筑材料
倍搏集团,电子
新疆火炬,公用事业
华融金控,非银金融
北京建设,建筑装饰
瀚华金控,非银金融
黛丽斯国际,纺织服饰
恒大汽车,汽车
庄士机构国际,商贸零售
农业银行,银行
佳兆业集团,房地产
陆庆娱乐,传媒
中国东方航空股份,交通运输
杉杉品牌,纺织服饰
万华媒体,传媒
吉辉控股,汽车
天洁环境,环保
龙磁科技,有色金属
中国海洋石油,石油石化
基地锦标集团,国防军工
联邦制药,医药生物
LHN,非银金融
敏华控股,轻工制造
威诚国际控股-新,轻工制造
中国高精密,机械设备
时时服务,社会服务
贝森金融,非银金融
奥威控股,电子
英达公路再生科技,环保
申洲国际,纺织服饰
中国再生医学,医药生物
工商银行,银行
新爱德集团,纺织服饰
世界华文媒体,传媒
东瀛游,交通运输
亚洲果业,农林牧渔
上实城市开发,房地产
飞达控股,纺织服饰
富盈环球集团,轻工制造
弘浩国际控股,电子
瑞声科技,电子
中国唐商,商贸零售
中国通号,机械设备
康健国际医疗,医药生物
金嗓子,食品饮料
昆仑能源,公用事业
国华,公用事业
明梁控股,房地产
恒鼎实业,建筑材料
盛源控股,有色金属
威铖国际,国防军工
利福中国,房地产
科联系统,计算机
WANG ON GROUP,家用电器
G.A.控股,汽车
丽新发展,房地产
金石投资集团,非银金融
一元宇宙,计算机
天元医疗,医药生物
天津创业环保股份,环保
安域亚洲,非银金融
兴发铝业,有色金属
东风集团股份,汽车
中国龙工,机械设备
鼎石资本,非银金融
庆铃汽车股份,汽车
自然美,美容护理
澳优,食品饮料
第一太平,食品饮料
世纪建业,建筑装饰
宝龙地产,房地产
侨雄国际,非银金融
大酒店,社会服务
颐海国际,食品饮料
裕承科金,非银金融
北青传媒,传媒
比亚迪电子,电子
中石化炼化工程,建筑装饰
米兰站,商贸零售
麦迪森控股,医药生物
ITE HOLDINGS,计算机
威高国际,医药生物
春立医疗,医药生物
CLASSIFIED GP,社会服务
汇鑫小贷,非银金融
大成糖业,食品饮料
香港信贷,非银金融
鼎益丰控股,非银金融
维太创科,计算机
中国龙天集团,汽车
景瑞控股,房地产
美亚娱乐资讯,传媒
S.A.S. DRAGON,汽车
耐世特,汽车
A8新媒体,传媒
星亚控股,非银金融
中奥到家,社会服务
香港食品投资,食品饮料
上海石油化工股份,石油石化
维珍妮,纺织服饰
东光化工,基础化工
江山控股,公用事业
盛力达科技,电子
震雄集团,机械设备
天德化工,基础化工
上海证大,房地产
未来发展控股,非银金融
裕元集团,纺织服饰
荣丰亿控股,轻工制造
先丰服务集团,社会服务
神话世界,社会服务
摩比发展,房地产
中国城市基础设施,建筑材料
越秀交通基建,交通运输
宏海控股集团,非银金融
安德利果汁,农林牧渔
天大药业,医药生物
华邦科技,电子
汇汉控股,机械设备
中国红包,商贸零售
21世纪教育,社会服务
五菱汽车,汽车
盛洋投资,非银金融
东方海外国际,交通运输
滉达富控股,国防军工
中国金石,有色金属
粤丰环保,公用事业
培力农本方,农林牧渔
映美控股,家用电器
华商能源,石油石化
创科实业,家用电器
沿海家园,房地产
第一拖拉机股份,机械设备
汇联金融服务,非银金融
F8企业,计算机
看通集团,通信
ASMPT,电子
PICO FAR EAST,纺织服饰
盛良物流,交通运输
中国港能,公用事业
新世界百货中国,商贸零售
中策资本控股,非银金融
力宝,房地产
金辉集团,建筑材料
北京首都机场股份,交通运输
WING ON CO,非银金融
星光文化(新),传媒
复兴亚洲,汽车
谭木匠,轻工制造
巨星医疗控股,医药生物
永泰地产,房地产
哈尔滨电气,电力设备
江南布衣,纺织服饰
都市丽人,纺织服饰
万裕科技,电子
TAI CHEUNG HOLD,商贸零售
广州农商银行,银行
众安集团,非银金融
浩德控股,非银金融
精英汇集团,非银金融
超媒体控股,传媒
建发国际集团,房地产
中国光大控股,非银金融
进腾集团,机械设备
香港中旅,社会服务
中信金融资产,非银金融
南方锰业,有色金属
智昇集团控股,计算机
中国移动,通信
复锐医疗科技,医药生物
北亚策略,非银金融
祈福生活服务,社会服务
VICON HOLDINGS,建筑装饰
高萌科技,计算机
前海健康,医药生物
亚伦国际,轻工制造
香港电讯S,
皓天财经集团,非银金融
高阳科技,电子
北京京客隆,商贸零售
锐信控股,通信
周黑鸭,食品饮料
叙福楼集团,食品饮料
香港中华煤气,公用事业
皇朝家居,纺织服饰
中远海发,交通运输
中国海洋发展,交通运输
中发展控股,汽车
青岛啤酒股份,食品饮料
中安控股集团,石油石化
中航科工,国防军工
光正教育,社会服务
富誉控股,非银金融
源宇宙教育,社会服务
毅高国际控股,非银金融
彩星玩具,轻工制造
德基科技控股,电子
民富国际,非银金融
联华超市,商贸零售
云能国际,电力设备
永发置业,房地产
中国储能科技发展,电力设备
智傲控股,计算机
中国交通建设,建筑装饰
同景新能源,电力设备
兴业控股,非银金融
实力建业,建筑装饰
梁志天设计集团,建筑装饰
瀛晟科学,电子
久融控股,非银金融
海港企业,交通运输
富临集团控股,轻工制造
志道国际,美容护理
佳宁娜,食品饮料
国微控股,电子
绿景中国地产,房地产
建溢集团,建筑材料
国锐生活,商贸零售
伟志控股,通信
杰地集团,建筑装饰
宏安地产,房地产
中国安储能源,石油石化
金粤控股,轻工制造
光大永年,电力设备
现代牧业,食品饮料
NEXION TECH,计算机
互太纺织,纺织服饰
今米房集团,房地产
鸿福堂,食品饮料
招商证券,非银金融
吉林长龙药业,医药生物
三爱健康集团,美容护理
重庆钢铁股份,钢铁
中粮包装,轻工制造
中海油田服务,石油石化
森美控股,纺织服饰
绿科科技国际,电子
鳄鱼恤,纺织服饰
永义国际,商贸零售
丝路能源,石油石化
华润置地,房地产
绿心集团,农林牧渔
昊天国际建投,建筑装饰
东方兴业控股,非银金融
宏基资本,非银金融
第一上海,非银金融
新特能源,电力设备
泛亚环保,环保
高力集团,建筑装饰
中国恒有源集团,石油石化
邝文记,美容护理
恒和集团,美容护理
皇庭智家,家用电器
朸浚国际,商贸零售
华科智能投资,非银金融
瑞港建设,建筑装饰
常茂生物,医药生物
蓝港互动,传媒
中渝置地,房地产
澳至尊,美容护理
中国高速传动,机械设备
瑞远智控,计算机
力宝华润,石油石化
长城环亚控股,环保
惠生国际,社会服务
华音国际控股,房地产
佳兆业资本,非银金融
新华通讯频媒,传媒
沪港联合,非银金融
太兴置业,房地产
亨泰,商贸零售
港银控股,银行
福莱特玻璃,电力设备
京东方精电,汽车
HPC HOLDINGS,石油石化
科轩动力控股,汽车
宏华集团,轻工制造
环球医疗,医药生物
国能国际资产,公用事业
北京控股,公用事业
北控水务集团,环保
恒隆集团,房地产
PALADIN,纺织服饰
包浩斯国际,建筑装饰
荣晖控股,计算机
广深铁路股份,交通运输
普天通信集团,通信
晶苑国际,纺织服饰
珠江钢管,石油石化
中国新经济投资,非银金融
新源万恒控股,非银金融
大健康国际,医药生物
天业节水,农林牧渔
浙江沪杭甬,交通运输
亚洲水泥(中国),建筑材料
中国碳中和,环保
嘉里建设,房地产
中国中车,机械设备
侨洋国际控股,商贸零售
招商银行,银行
康臣药业,医药生物
美高域,电子
中生联合,医药生物
招商局中国基金,非银金融
中国文旅农业,农林牧渔
中泛控股,非银金融
伟业控股,非银金融
中广核矿业,有色金属
中国南方航空股份,交通运输
云智汇科技,计算机
华虹半导体,电子
丰展控股,非银金融
迪信通,商贸零售
鼎丰集团汽车,非银金融
敏实集团,汽车
山东墨龙,机械设备
复星医药,医药生物
中信银行,银行
廖创兴企业,轻工制造
钱唐控股,非银金融
中国人民保险集团,非银金融
汛和集团,非银金融
量子思维,计算机
GOLDWAY EDU,社会服务
美兰空港,交通运输
中国创新投资,非银金融
REGAL INT'L,社会服务
爱帝宫(新),美容护理
HERALD HOLD,轻工制造
中国恒天立信国际,电子
金威医疗,医药生物
华润燃气,公用事业
利基控股,汽车
海昌海洋公园,社会服务
中国石油股份,石油石化
瑞风新能源,电力设备
万保刚集团,钢铁
客思控股,计算机
亚证地产,房地产
香港潮商集团,商贸零售
美建集团,建筑材料
春能控股,电力设备
中国电信,通信
美高梅中国,社会服务
筑友智造科技,机械设备
华美乐乐,食品饮料
闽信集团,有色金属
狮子山集团,房地产
希慎兴业,房地产
中国三迪,电子
华显光电,电子
时富投资,非银金融
环宇物流(亚洲),交通运输
中国绿地博大绿泽,环保
海丰国际,交通运输
康师傅控股,食品饮料
伟俊集团控股,轻工制造
大同机械,机械设备
零在科技金融,轻工制造
中国心连心化肥,基础化工
载通,交通运输
华荣能源,石油石化
中国环保能源,环保
域能控股,环保
天源集团,汽车
长城天下,房地产
莱尔斯丹,纺织服饰
钧濠集团,有色金属
天机控股,汽车
上海青浦消防,机械设备
高鑫零售,商贸零售
津上机床中国,机械设备
中国科技产业集团,计算机
汇财金融投资,非银金融
神通机器人教育,社会服务
中国天弓控股,国防军工
首都创投,非银金融
安宁控股,房地产
舜宇光学科技,电子
太和控股,商贸零售
港娱国际,轻工制造
泰坦能源技术,石油石化
中广核新能源,公用事业
昌利控股,建筑材料
阳光纸业,轻工制造
普华和顺,公用事业
捷利交易宝,计算机
沧海控股,房地产
中国核能科技,国防军工
中集安瑞科,机械设备
东吴水泥,建筑材料
飞道旅游科技,交通运输
SIS INT'L,商贸零售
高鹏矿业,煤炭
五矿资源,有色金属
众安在线,非银金融
金轮天地控股,轻工制造
龙辉国际控股,商贸零售
思捷环球,纺织服饰
恒生银行,银行
拉近网娱,传媒
陆氏集团(越南),轻工制造
京能清洁能源,公用事业
百奥家庭互动,传媒
老恒和酿造,食品饮料
环能国际,环保
迪臣发展国际,建筑装饰
华润电力,公用事业
阜丰集团,食品饮料
谊砾控股,有色金属
创联控股,计算机
中国铁建,建筑装饰
中国宝力科技,电子
中国星集团,传媒
圆美光电,电子
华亿金控,非银金融
百德国际,食品饮料
交个朋友控股,社会服务
新世纪医疗,医药生物
幸福控股,房地产
文化传信,传媒
古兜控股,美容护理
冠忠巴士集团,交通运输
梦东方,传媒
保诚,非银金融
凯富善集团控股,轻工制造
中海物业,房地产
坛金矿业,有色金属
圣马丁国际,非银金融
建设银行,银行
粤海投资,环保
捷荣国际控股,电子
南华集团控股,非银金融
新天地产集团,房地产
环康集团,环保
新鸿基公司,非银金融
金斯瑞生物科技,医药生物
威讯控股,通信
雅迪控股,汽车
天鸽互动,传媒
神冠控股,轻工制造
蒙牛乳业,食品饮料
六福集团,纺织服饰
CHEVALIER INT'L,汽车
电视广播,传媒
华电国际电力股份,公用事业
中国顺客隆,商贸零售
中国白银集团,有色金属
翠华控股,食品饮料
中国汇融,非银金融
远东发展,房地产
中国煤层气,煤炭
强泰环保,环保
汇成国际控股,纺织服饰
FIRST CREDIT,非银金融
脑洞科技,计算机
雷士国际,家用电器
基石金融,非银金融
旷逸国际,商贸零售
EPRINT集团,传媒
创信国际,非银金融
太古股份公司B,综合
中国中药,医药生物
中化化肥,基础化工
中信资源,石油石化
智城发展控股,房地产
裕兴科技,电子
联众,通信
大地国际集团,汽车
坚宝国际,电子
中国太保,非银金融
新天绿色能源,公用事业
中国资源交通,交通运输
新达控股,房地产
中国卫生集团,社会服务
医汇集团,医药生物
王朝酒业,食品饮料
协同通信,通信
双运控股,交通运输
华南城,房地产
金山科技工业,电子
明辉国际,纺织服饰
鼎立资本,非银金融
兆邦基生活,轻工制造
英皇国际,房地产
腾讯控股,传媒
凯升控股,机械设备
数码通电讯,通信
SINO HOTELS,社会服务
松景科技,电子
博富临置业,房地产
雅天妮集团,纺织服饰
爱德新能源,电力设备
瑞安房地产,房地产
银建国际,非银金融
利记,轻工制造
本间高尔夫,社会服务
东北电气,电力设备
中国平安,非银金融
秦港股份,交通运输
京玖康疗,医药生物
力量发展,传媒
中国水业集团,公用事业
时富金融服务集团,非银金融
石药集团,医药生物
树熊金融集团,非银金融
京维集团,传媒
东方表行集团,轻工制造
绿色能源科技集团,环保
中国圣牧,食品饮料
时代集团控股,传媒
东银国际控股,非银金融
绿色动力环保,环保
格林国际控股,轻工制造
太古股份公司A,综合
顺风清洁能源,环保
美东汽车,汽车
国际娱乐,传媒
联合医务,医药生物
新丰泰集团,建筑材料
意达利控股,轻工制造
北京体育文化,传媒
恒隆地产,房地产
李宁,纺织服饰
首都信息,计算机
百应控股,社会服务
港灯S,
卓能(集团),公用事业
深圳高速公路股份,交通运输
中教控股,社会服务
民生国际,非银金融
招金矿业,有色金属
亚洲金融,非银金融
彩客新能源,电力设备
中远海运国际,交通运输
衍生集团,石油石化
稀镁科技,有色金属
信德集团,房地产
TST PROPERTIES,房地产
德斯控股,家用电器
芯成科技,电子
富通科技,电子
新城市建设发展,房地产
中国金融国际,非银金融
力高集团,房地产
霸王集团,美容护理
王氏国际,商贸零售
中联发展控股,建筑材料
L'OCCITANE,美容护理
卡撒天娇,纺织服饰
中国供应链产业,商贸零售
珩湾科技,电子
IGG,传媒
联合集团,非银金融
新威国际,房地产
珠江船务,交通运输
庄皇集团公司,建筑材料
黄河实业,钢铁
金隅集团,建筑材料
大地教育,社会服务
大唐环境,环保
专业旅运,交通运输
中港石油,石油石化
铁货,通信
金朝阳集团,食品饮料
今海医疗科技,医药生物
新沣集团,汽车
百信国际,非银金融
雅视光学,电子
上置集团,房地产
德宝集团控股,商贸零售
亚洲联网科技,通信
远航港口,交通运输
创业集团控股,商贸零售
融太集团,商贸零售
中国太平,非银金融
鋑联控股,有色金属
安贤园中国,社会服务
俄铝,有色金属
宝联控股,纺织服饰
山东新华制药股份,医药生物
旭辉控股集团,房地产
红星美凯龙,商贸零售
恒盛地产,房地产
辽港股份,交通运输
中科生物,医药生物
TATA健康,医药生物
长安仁恒,电子
国开国际投资,非银金融
港铁公司,交通运输
浩森金融科技,非银金融
云锋金融,非银金融
浙江永安,非银金融
中国飞鹤,食品饮料
瑞斯康集团,医药生物
汇盈控股,非银金融
华发物业服务,房地产
胜利管道,石油石化
中银香港,银行
上谕集团,非银金融
太平洋酒吧,食品饮料
中信证券,非银金融
首都金融控股,非银金融
四环医药,医药生物
合富辉煌,房地产
邮储银行,银行
中国水务,环保
环球战略集团,社会服务
靖洋集团,电子
直通电讯,通信
海信家电,家用电器
三一国际,机械设备
国泰君安国际,非银金融
新福港,建筑装饰
资本策略地产,房地产
智富资源投资,有色金属
彩星集团,轻工制造
首创环境,环保
国茂控股,机械设备
疯狂体育,社会服务
能源国际投资,石油石化
新城发展,房地产
申万宏源香港,非银金融
丰盛控股,公用事业
绿城服务,房地产
STERLING GP,美容护理
工盖有限公司,建筑材料
威雅利,电子
庄士中国,非银金融
环球数码创意,传媒
金禧国际控股,社会服务
大众公用,公用事业
中国生物科技服务,医药生物
湾区发展,房地产
中国钱包,非银金融
鹰美,纺织服饰
东江集团控股,环保
环科国际,环保
升柏控股,家用电器
世茂集团,房地产
中国儒意,传媒
保利置业集团,房地产
基石科技控股,计算机
名科国际,计算机
香港交易所,非银金融
HM INTL HLDGS,轻工制造
富银融资股份,非银金融
中达集团控股,机械设备
利时集团控股,商贸零售
创美药业,医药生物
1957 & CO.,社会服务
万里印刷,传媒
海王英特龙,医药生物
南粤控股,非银金融
蒙古能源,石油石化
亨得利,纺织服饰
微创医疗,医药生物
汇彩控股,轻工制造
新矿资源,有色金属
中国新电信,通信
金地商置,房地产
中国建筑国际,建筑装饰
正通汽车,汽车
合丰集团,轻工制造
鑫达投资控股,非银金融
中国织材控股,纺织服饰
潍柴动力,汽车
远大中国,房地产
亦辰集团,轻工制造
万嘉集团,商贸零售
深信服,计算机
铂科新材,有色金属
凯知乐国际,美容护理
中国同辐,医药生物
领航医药生物科技,医药生物
惠陶集团,建筑材料
FIT HON TENG,通信
GBA集团,非银金融
TCL电子,家用电器
大唐西市,社会服务
首钢资源,煤炭
从玉智农,非银金融
兴胜创建,建筑装饰
沈阳公用发展股份,公用事业
正道集团,房地产
承达集团,机械设备
九龙建业,房地产
日清食品,食品饮料
均安控股,非银金融
IDT INT'L,轻工制造
华人置业,房地产
富士高实业,轻工制造
ASIA COMM HOLD,商贸零售
康宁医院,医药生物
传递娱乐,传媒
新濠国际发展,社会服务
中彩网通控股,传媒
大森控股,轻工制造
义合控股,轻工制造
中国北大荒,农林牧渔
和嘉控股,食品饮料
奇点国峰,机械设备
YUSEI,轻工制造
嘉鼎国际集团,轻工制造
信铭生命科技,医药生物
华夏文化科技,计算机
基石控股,建筑材料
粤海置地,房地产
越南制造加工出口,轻工制造
康达环保,环保
金石资本集团,非银金融
巨腾国际,非银金融
恒基地产,房地产
美图公司,计算机
金达控股,非银金融
北京控股环境集团,环保
彭顺国际,商贸零售
结好控股,非银金融
结好金融,非银金融
周大福,纺织服饰
高丰集团控股,非银金融
阳光油砂,石油石化
香港生力啤,食品饮料
新锐医药,医药生物
WT集团,非银金融
威高股份,医药生物
永利地产发展,房地产
中信股份,综合
山高新能源,公用事业
安科系统,计算机
盛京银行,银行
COOL LINK,通信
天臣控股,房地产
中信国际电讯,通信
南旋控股,轻工制造
同得仕(集团),商贸零售
翼辰实业,建筑材料
中漆集团,基础化工
同方友友,家用电器
靛蓝星,电子
建成控股,房地产
汤臣集团,房地产
华星控股,传媒
依波路,纺织服饰
泛海酒店,社会服务
中国利郎,纺织服饰
大洋环球控股,医药生物
南京熊猫电子股份,通信
建生国际,房地产
中国光大绿色环保,环保
长和,综合
中港照相,电子
中国三三传媒,传媒
顺兴集团控股,轻工制造
建滔积层板,电子
福耀玻璃,汽车
硬蛋创新,商贸零售
中国恒大,房地产
慕诗国际,美容护理
滨海投资,非银金融
三和建筑集团,建筑装饰
晨讯科技,计算机
大快活集团,食品饮料
保发集团,轻工制造
新世纪集团,非银金融
龙记集团,食品饮料
民生教育,社会服务
恒富控股,房地产
香格里拉(亚洲),社会服务
硕奥国际,电子
中石化冠德,石油石化
亿和控股,电子
训修实业,轻工制造
IBI GROUP HLDGS,建筑装饰
永利澳门,社会服务
中国飞机租赁,非银金融
OSL集团,通信
密迪斯肌,美容护理
顺诚,轻工制造
长江生命科技,医药生物
三宝科技,机械设备
玖龙纸业,轻工制造
倢冠控股,轻工制造
招商局置地,房地产
哈尔滨银行,银行
融科控股,房地产
神威药业,医药生物
中国创意控股,传媒
上海实业控股,房地产
华鼎控股,纺织服饰
煜荣集团,建筑材料
VTECH HOLDINGS,电子
汇思太平洋,非银金融
新高教集团,社会服务
大同集团,煤炭
水发兴业新材料,建筑材料
彩虹新能源,公用事业
中国基建投资,房地产
易鑫集团,汽车
百富环球,计算机
丽新国际,纺织服饰
中国金融发展,银行
盛诺集团,机械设备
中国智能健康,医药生物
HMVOD视频,传媒
中昌国际控股,交通运输
天宇股份,医药生物
天永智能,机械设备
丽人丽妆,商贸零售
光大优2,
佳力图,机械设备
伊戈尔,电子
若羽臣,商贸零售
长城证券,非银金融
安达维尔,国防军工
奥士康,电子
宏达电子,国防军工
威唐工业,汽车
中欣氟材,基础化工
德方纳米,电力设备
盈趣科技,电子
华林证券,非银金融
好太太,轻工制造
天禾股份,基础化工
钒钛股份,钢铁
铜陵有色,有色金属
顺发恒业,房地产
三木集团,综合
合金投资,有色金属
英力特,基础化工
风华高科,电子
茂化实华,石油石化
万方发展,国防军工
西王食品,食品饮料
仁和药业,医药生物
格力电器,家用电器
泰达股份,综合
金岭矿业,钢铁
*ST金科,房地产
中钨高新,有色金属
珠海中富,轻工制造
长春高新,医药生物
永安林业,农林牧渔
湖北广电,传媒
荣丰控股,房地产
宝鹰股份,建筑装饰
广汇汽车,汽车
安琪酵母,食品饮料
安迪苏,基础化工
维维股份,食品饮料
华锡有色,有色金属
标准股份,机械设备
ST曙光,汽车
恒顺醋业,食品饮料
酒钢宏兴,钢铁
华泰股份,轻工制造
万华化学,基础化工
广西能源,公用事业
平高电气,电力设备
农发种业,农林牧渔
上海家化,美容护理
洪都航空,国防军工
新力金融,非银金融
亚星化学,基础化工
振华重工,机械设备
宁波能源,公用事业
惠而浦,家用电器
建设机械,机械设备
东风股份,汽车
中国国贸,房地产
首创环保,环保
上海机场,交通运输
包钢股份,钢铁
华能国际,公用事业
皖通高速,交通运输
华夏银行,银行
民生银行,银行
宝钢股份,钢铁
中原高速,交通运输
上海电力,公用事业
中远海能,交通运输
中国石化,石油石化
南方航空,交通运输
中信证券,非银金融
振华B股,
津投城开,房地产
瀚蓝环境,环保
华发股份,房地产
西藏天路,建筑材料
大东方,商贸零售
中盐化工,基础化工
宁波富邦,有色金属
祥龙电业,环保
综艺股份,综合
广誉远,医药生物
西藏城投,房地产
汉商集团,医药生物
南京熊猫,通信
东方通信,通信
东信B股,
ST新潮,石油石化
友好集团,商贸零售
达仁堂,医药生物
天通股份,电子
宏达股份,基础化工
白云山,医药生物
长春燃气,公用事业
国机汽车,汽车
澳柯玛,家用电器
美克家居,轻工制造
西藏珠峰,有色金属
中油工程,石油石化
天富能源,公用事业
黑牡丹,房地产
国药股份,医药生物
腾达建设,建筑装饰
联环药业,医药生物
海南机场,房地产
三一重工,机械设备
福建高速,交通运输
楚天高速,交通运输
招商银行,银行
歌华有线,传媒
亿晶光电,电力设备
国发股份,医药生物
狮头股份,商贸零售
新赛股份,农林牧渔
莫高股份,食品饮料
卓郎智能,机械设备
山煤国际,煤炭
山东黄金,有色金属
深高速,交通运输
厦门钨业,有色金属
保变电气,电力设备
时代出版,传媒
凯盛科技,电子
南网储能,公用事业
开滦股份,煤炭
三花智控,家用电器
士兰微,电子
洪城环境,环保
*ST九有,通信
空港股份,房地产
好当家,农林牧渔
百利电气,电力设备
风神股份,汽车
六国化工,基础化工
华光环能,公用事业
湘邮科技,计算机
杭萧钢构,建筑装饰
宜宾纸业,轻工制造
保税科技,交通运输
国电电力,公用事业
钱江生化,环保
浙大网新,计算机
宁波海运,交通运输
渤海化学,石油石化
华新水泥,建筑材料
福建水泥,建筑材料
新奥股份,公用事业
*ST鹏博,通信
悦达投资,综合
济南高新,医药生物
马钢股份,钢铁
山西汾酒,食品饮料
神马股份,基础化工
东方集团,商贸零售
华北制药,医药生物
杭州解百,商贸零售
厦工股份,机械设备
建元信托,非银金融
宇通重工,环保
中路股份,汽车
中路B股,
耀皮玻璃,建筑材料
耀皮B股,
隧道股份,建筑装饰
金开新能,公用事业
上海物贸,汽车
天下秀,传媒
康缘药业,医药生物
大西洋,机械设备
老白干酒,食品饮料
金自天正,机械设备
江西长运,交通运输
浙江东日,商贸零售
东睦股份,机械设备
中国东航,交通运输
三峡水利,公用事业
西宁特钢,钢铁
中国卫星,国防军工
长江投资,交通运输
科力远,电力设备
千金药业,医药生物
凌云股份,汽车
双良节能,电力设备
福能股份,公用事业
扬农化工,基础化工
粤传媒,传媒
东信和平,通信
建车B,
宁通信B,
闽灿坤B,
航民股份,纺织服饰
浙江东方,非银金融
郑州煤电,煤炭
兰花科创,煤炭
铁龙物流,交通运输
杭钢股份,钢铁
金健米业,农林牧渔
苏豪弘业,商贸零售
太极集团,医药生物
波导股份,电子
国网信通,计算机
重庆啤酒,食品饮料
东湖高新,建筑装饰
乐凯胶片,基础化工
ST明诚,社会服务
浪莎股份,纺织服饰
中青旅,社会服务
兴发集团,基础化工
长春一东,汽车
廊坊发展,公用事业
中国船舶,国防军工
中毅达,基础化工
中毅达B,
大众交通,交通运输
大众B股,
老凤祥,纺织服饰
老凤祥B,
神奇制药,医药生物
神奇B股,
中直股份,国防军工
四川路桥,建筑装饰
中国联通,通信
宁波联合,综合
东望时代,公用事业
九鼎投资,非银金融
黄山旅游,社会服务
黄山B股,
万东医疗,医药生物
中国医药,医药生物
厦门象屿,交通运输
五矿发展,商贸零售
古越龙山,食品饮料
海信视像,家用电器
国投资本,非银金融
华润双鹤,医药生物
皖维高新,基础化工
南京高科,房地产
丰华股份,有色金属
金枫酒业,食品饮料
国新能源,公用事业
国新B股,
氯碱化工,基础化工
氯碱B股,
海立股份,家用电器
海立B股,
天宸股份,综合
华鑫股份,非银金融
光大嘉宝,房地产
华谊集团,基础化工
华谊B股,
复旦复华,医药生物
申达股份,汽车
新世界,商贸零售
华建集团,建筑装饰
龙头股份,纺织服饰
浙数文化,传媒
精工科技,机械设备
华兰生物,医药生物
杭汽轮B,
中鲁B,
五矿资本,非银金融
航发科技,国防军工
盛和资源,有色金属
盘江股份,煤炭
华电辽能,公用事业
安源煤业,煤炭
海澜之家,纺织服饰
抚顺特钢,钢铁
红豆股份,纺织服饰
大有能源,煤炭
动力源,电力设备
国电南瑞,电力设备
安泰集团,煤炭
三友化工,基础化工
华胜天成,计算机
小商品城,商贸零售
湘电股份,电力设备
江淮汽车,汽车
天润乳业,食品饮料
国药现代,医药生物
宇通客车,汽车
冠城大通,电力设备
*ST富润,综合
凤凰光学,电子
中船科技,电力设备
光明肉业,食品饮料
新疆天业,基础化工
康欣新材,轻工制造
澄星股份,基础化工
国睿科技,国防军工
法拉电子,电子
济川药业,医药生物
山鹰国际,轻工制造
ST中珠,医药生物
安阳钢铁,钢铁
恒生电子,计算机
信雅达,计算机
康恩贝,医药生物
惠泉啤酒,食品饮料
淮河能源,煤炭
大族激光,机械设备
天奇股份,机械设备
传化智联,交通运输
盾安环境,家用电器
凯恩股份,轻工制造
永新股份,轻工制造
协鑫能科,公用事业
世荣兆业,房地产
亿帆医药,医药生物
京新药业,医药生物
中捷资源,机械设备
科华生物,医药生物
方大炭素,钢铁
国网英大,非银金融
康美药业,医药生物
贵州茅台,食品饮料
文一科技,机械设备
华海药业,医药生物
中天科技,通信
贵航股份,汽车
长园集团,电力设备
菲达环保,环保
华嵘控股,机械设备
昆药集团,医药生物
物贸B股,
益民集团,商贸零售
新华传媒,传媒
兰生股份,社会服务
百联股份,商贸零售
百联B股,
茂业商业,商贸零售
人民同泰,医药生物
香溢融通,非银金融
ST广网,传媒
第一医药,医药生物
申通地铁,交通运输
上海机电,机械设备
机电B股,
海通证券,非银金融
上海九百,商贸零售
四川长虹,家用电器
动力新科,汽车
动力B股,
上工申贝,机械设备
上工B股,
丹化科技,基础化工
丹科B股,
宝信软件,计算机
宝信B,
祥源文旅,社会服务
精达股份,电力设备
京能电力,公用事业
克劳斯,机械设备
卧龙电驱,电力设备
八一钢铁,钢铁
天地科技,机械设备
海油工程,石油石化
长电科技,电子
妙可蓝多,食品饮料
博闻科技,农林牧渔
杉杉股份,电力设备
宏发股份,电力设备
国投电力,公用事业
伊利股份,食品饮料
新疆众和,有色金属
南京化纤,基础化工
大晟文化,传媒
航发动力,国防军工
广日股份,机械设备
张江高科,房地产
厦门空港,交通运输
*ST美讯,电子
长江电力,公用事业
华电国际,公用事业
黔源电力,公用事业
航天机电,电力设备
维科技术,电力设备
建发股份,交通运输
锦旅B股,
汇丽B,
伊泰B股,
同济科技,建筑装饰
万里股份,电力设备
上海临港,房地产
临港B股,
伟星股份,纺织服饰
华邦健康,医药生物
ST德豪,家用电器
渤海汽车,汽车
岳阳林纸,轻工制造
博汇纸业,轻工制造
内蒙一机,国防军工
郴电国际,公用事业
新五丰,农林牧渔
健民集团,医药生物
北矿科技,机械设备
华创云信,非银金融
华升股份,纺织服饰
永泰能源,煤炭
中体产业,社会服务
大龙地产,房地产
巨化股份,基础化工
天坛生物,医药生物
香江控股,房地产
中闽能源,公用事业
*ST宁科,基础化工
福田汽车,汽车
联美控股,公用事业
武汉控股,环保
太原重工,机械设备
上海建工,建筑装饰
上海贝岭,电子
黄河旋风,机械设备
卧龙地产,房地产
中国巨石,建筑材料
雅戈尔,纺织服饰
东安动力,汽车
安通控股,交通运输
瑞茂通,交通运输
S佳通,汽车
生益科技,电子
光电股份,国防军工
格力地产,房地产
莲花控股,食品饮料
国中水务,环保
大众公用,公用事业
登海种业,农林牧渔
人福医药,医药生物
金花股份,医药生物
东风科技,汽车
海泰发展,房地产
*ST博信,综合
中信尼雅,食品饮料
同仁堂,医药生物
中视传媒,传媒
特变电工,电力设备
国新文化,社会服务
东方明珠,传媒
新黄浦,房地产
浦东金桥,房地产
金桥B股,
国脉文化,传媒
万业企业,房地产
申能股份,公用事业
爱建集团,非银金融
乐山电力,公用事业
中源协和,医药生物
外高桥,房地产
外高B股,
城投控股,房地产
锦江在线,交通运输
锦在线B,
飞乐音响,汽车
申华控股,汽车
中安科,计算机
豫园股份,商贸零售
信达地产,房地产
电子城,房地产
福耀玻璃,汽车
昂立教育,社会服务
外服控股,社会服务
陆家嘴,房地产
陆家B股,
哈药股份,医药生物
华孚时尚,纺织服饰
兔宝宝,建筑材料
美年健康,医药生物
国光电器,电子
江南高纤,纺织服饰
中铁工业,机械设备
山东药玻,医药生物
交大昂立,食品饮料
豫光金铅,有色金属
栖霞建设,房地产
天士力,医药生物
柳化股份,基础化工
青松建化,建筑材料
华鲁恒升,基础化工
中远海特,交通运输
三元股份,食品饮料
冠豪高新,轻工制造
北方导航,国防军工
片仔癀,医药生物
通威股份,电力设备
瑞贝卡,纺织服饰
国机通用,机械设备
金证股份,计算机
华纺股份,纺织服饰
宁夏建材,建筑材料
大名城,房地产
大名城B,
湘财股份,非银金融
云天化,基础化工
开创国际,农林牧渔
广州发展,公用事业
林海股份,汽车
同方股份,计算机
明星电力,公用事业
青山纸业,轻工制造
上汽集团,汽车
永鼎股份,通信
重庆路桥,交通运输
美尔雅,纺织服饰
亚盛集团,农林牧渔
国金证券,非银金融
诺德股份,电力设备
北方稀土,有色金属
海螺水泥,建筑材料
金晶科技,建筑材料
新华医疗,医药生物
用友网络,计算机
广东榕泰,计算机
泰豪科技,国防军工
龙溪股份,机械设备
大连圣亚,社会服务
海特高新,国防军工
ST易购,商贸零售
航天电器,国防军工
山东威达,机械设备
分众传媒,传媒
思源电气,电力设备
七匹狼,纺织服饰
达安基因,医药生物
巨轮智能,机械设备
苏泊尔,家用电器
丽江股份,社会服务
旺能环境,环保
华帝股份,家用电器
联创电子,电子
保利联合,基础化工
双鹭药业,医药生物
华夏幸福,房地产
航天动力,机械设备
长江通信,通信
恒力石化,石油石化
华阳股份,煤炭
山东高速,交通运输
亚宝药业,医药生物
浙江龙盛,基础化工
旭光电子,电子
敦煌种业,农林牧渔
精伦电子,通信
恒丰纸业,轻工制造
凌云B股,
涪陵电力,公用事业
博通股份,计算机
宝钛股份,有色金属
时代新材,机械设备
贵研铂业,有色金属
上海医药,医药生物
电科数字,计算机
海欣股份,医药生物
海欣B股,
龙建股份,建筑装饰
春兰股份,房地产
航天长峰,国防军工
宁波中百,商贸零售
银座股份,商贸零售
王府井,商贸零售
京城股份,机械设备
北京人力,社会服务
中航高科,国防军工
内蒙华电,公用事业
哈投股份,非银金融
百大集团,商贸零售
星湖科技,基础化工
通化东宝,医药生物
梅雁吉祥,公用事业
远东股份,电力设备
石化油服,石油石化
中炬高新,食品饮料
益佰制药,医药生物
中孚实业,有色金属
新安股份,基础化工
光明乳业,食品饮料
北大荒,农林牧渔
ST熊猫,非银金融
青岛啤酒,食品饮料
方正科技,电子
云赛智联,计算机
云赛B股,
广汇物流,房地产
市北高新,房地产
市北B股,
汇通能源,商贸零售
绿地控股,房地产
ST沪科,商贸零售
金杯汽车,汽车
淮北矿业,煤炭
浙文互联,传媒
赤峰黄金,有色金属
四创电子,国防军工
贵绳股份,机械设备
马应龙,医药生物
水井坊,食品饮料
通宝能源,公用事业
新钢股份,钢铁
鲁信创投,机械设备
新华百货,商贸零售
中储股份,交通运输
鲁抗医药,医药生物
轻纺城,商贸零售
梅花生物,基础化工
创业环保,环保
东方电气,电力设备
凯盛新能,建筑材料
电科芯片,电子
航天电子,国防军工
博瑞传播,社会服务
亚泰集团,综合
焦作万方,有色金属
ST美谷,美容护理
中油资本,非银金融
海螺新材,建筑材料
*ST恒立,综合
吉林敖东,医药生物
兖矿能源,煤炭
泉阳泉,食品饮料
ST锦港,交通运输
ST锦港B,
国电南自,电力设备
赣粤高速,交通运输
航天信息,计算机
开开实业,医药生物
开开B股,
嘉化能源,基础化工
恒瑞医药,医药生物
东方创业,商贸零售
重庆港,交通运输
中央商场,商贸零售
华阳新材,有色金属
南钢股份,钢铁
钱江水利,环保
浦东建设,建筑装饰
羚锐制药,医药生物
ST舜天,商贸零售
大恒科技,计算机
*ST信通,通信
宁波华翔,汽车
远达环保,环保
三峡新材,建筑材料
鄂尔多斯,钢铁
鄂资B股,
天地源,房地产
ST瑞德,电子
太极实业,建筑装饰
尖峰集团,建筑材料
ST目药,医药生物
东阳光,综合
川投能源,公用事业
中华企业,房地产
交运股份,汽车
闻泰科技,电子
江苏索普,基础化工
上实发展,房地产
西藏旅游,社会服务
江中药业,医药生物
海航科技,交通运输
海科B,
庚星股份,交通运输
锦江酒店,社会服务
锦江B股,
厦门国贸,交通运输
浪潮软件,计算机
长江传媒,传媒
紫光国微,电子
国旅联合,传媒
辽宁能源,煤炭
洲际油气,石油石化
中航沈飞,国防军工
安徽合力,机械设备
通策医疗,医药生物
中国海防,国防军工
中航重机,国防军工
新农开发,农林牧渔
ST华微,电子
创新新材,有色金属
江西铜业,有色金属
联创光电,电子
ST通葡,商贸零售
宁波韵升,有色金属
红星发展,基础化工
五洲交通,交通运输
西南证券,非银金融
三房巷,基础化工
万向德农,农林牧渔
中航机载,国防军工
中文传媒,传媒
*ST汉马,汽车
首开股份,房地产
宁沪高速,交通运输
昊华科技,基础化工
宝光股份,电力设备
健康元,医药生物
ST春天,食品饮料
广东明珠,钢铁
金地集团,房地产
北巴传媒,汽车
*ST海越,石油石化
龙净环保,环保
江山股份,基础化工
京能置业,房地产
云煤能源,煤炭
山东钢铁,钢铁
金发科技,基础化工
中国动力,电力设备
株冶集团,有色金属
国投中鲁,农林牧渔
福成股份,农林牧渔
恒源煤电,煤炭
宝胜股份,电力设备
广安爱众,公用事业
汇鸿集团,商贸零售
长安汽车,汽车
长安B,
远大控股,交通运输
天茂集团,非银金融
高新发展,建筑装饰
国机精工,机械设备
*ST京蓝,环保
锦龙股份,非银金融
丰乐种业,农林牧渔
中兴商业,商贸零售
黑芝麻,食品饮料
中南股份,钢铁
苏宁环球,房地产
中原传媒,传媒
新能泰山,电力设备
西安饮食,社会服务
湖南发展,公用事业
美锦能源,煤炭
京东方A,电子
京东方B,
鲁泰A,纺织服饰
鲁泰B,
冠捷科技,电子
国元证券,非银金融
燕京啤酒,食品饮料
四川美丰,基础化工
振华科技,国防军工
罗牛山,农林牧渔
中交地产,房地产
北方铜业,有色金属
航发控制,国防军工
普洛药业,医药生物
国海证券,非银金融
国华网安,计算机
深振业A,房地产
全新好,商贸零售
ST凯撒,社会服务
中国武夷,房地产
中水渔业,农林牧渔
神州数码,计算机
中国天楹,环保
华联控股,房地产
深南电A,公用事业
深南电B,
中集集团,机械设备
ST旭蓝,公用事业
中洲控股,房地产
招商积余,房地产
深纺织A,电子
深纺织B,
德赛电池,电力设备
深天马A,电子
方大集团,建筑材料
特力A,综合
特力B,
飞亚达B,
深圳能源,公用事业
国药一致,医药生物
一致B,
深深房A,房地产
深深房B,
富奥股份,汽车
富奥B,
大悦城,房地产
深桑达A,建筑装饰
华塑控股,电子
新金路,基础化工
丽珠集团,医药生物
渝开发,房地产
国际医学,医药生物
荣安地产,房地产
四环生物,医药生物
中兵红箭,国防军工
凤凰航运,交通运输
长虹美菱,家用电器
虹美菱B,
众泰汽车,汽车
山子高科,汽车
山西焦煤,煤炭
大庆华科,石油石化
越秀资本,非银金融
华工科技,机械设备
ST九芝,医药生物
诚志股份,基础化工
闽东电力,公用事业
皇台酒业,食品饮料
新大陆,计算机
隆平高科,农林牧渔
华润三九,医药生物
新和成,基础化工
方大B,
皇庭国际,房地产
皇庭B,
深赛格,商贸零售
深赛格B,
华锦股份,石油石化
中金岭南,有色金属
农产品,商贸零售
深圳华强,电子
中兴通讯,通信
北方国际,建筑装饰
中国长城,计算机
华控赛格,环保
红棉股份,综合
岭南控股,社会服务
华侨城A,房地产
ST特信,通信
海王生物,医药生物
盐田港,交通运输
深圳机场,交通运输
天健集团,房地产
广聚能源,石油石化
中信海直,交通运输
ST红太阳,基础化工
学大教育,社会服务
柳工,机械设备
广弘控股,食品饮料
冰山B,
穗恒运A,公用事业
华金资本,非银金融
顺钠股份,电力设备
万泽股份,医药生物
华映科技,电子
中绿电,公用事业
云南白药,医药生物
粤电力A,公用事业
粤电力B,
佛山照明,家用电器
粤照明B,
德展健康,医药生物
美利云,计算机
智慧农业,汽车
航锦科技,基础化工
岳阳兴长,石油石化
神雾节能,环保
京山轻机,电力设备
山东海化,基础化工
超声电子,电子
太钢不锈,钢铁
启迪环境,环保
东莞控股,交通运输
天音控股,商贸零售
鲁西化工,基础化工
中国稀土,有色金属
粤桂股份,综合
秦川机床,机械设备
财信发展,房地产
中信国安,通信
承德露露,食品饮料
北部湾港,交通运输
*ST工智,机械设备
汇源通信,通信
TCL科技,电子
中成股份,商贸零售
丰原药业,医药生物
川能动力,公用事业
华数传媒,传媒
中联重科,机械设备
常山北明,计算机
国际实业,电力设备
东方盛虹,石油石化
中鼎股份,汽车
峨眉山A,社会服务
ST中嘉,通信
法尔胜,环保
欢瑞世纪,传媒
亚钾国际,基础化工
双汇发展,食品饮料
皖能电力,公用事业
中原环保,环保
金浦钛业,基础化工
金圆股份,环保
航天发展,国防军工
湖南投资,交通运输
江铃汽车,汽车
江铃B,
创元科技,环保
甘肃能化,煤炭
安道麦A,基础化工
安道麦B,
泰山石油,石油石化
华茂股份,纺织服饰
ST高鸿,通信
石化机械,机械设备
冀东装备,机械设备
五粮液,食品饮料
国风新材,基础化工
顺鑫农业,食品饮料
海印股份,商贸零售
银星能源,公用事业
豫能控股,公用事业
津滨发展,房地产
鞍钢股份,钢铁
赣能股份,公用事业
现代投资,交通运输
航天科技,汽车
新洋丰,基础化工
云内动力,汽车
厦门港务,交通运输
浙商中拓,交通运输
*ST景峰,医药生物
ST数源,房地产
大亚圣象,轻工制造
广农糖业,农林牧渔
泸天化,基础化工
钱江摩托,汽车
华特达因,医药生物
电广传媒,传媒
金陵药业,医药生物
海信家电,家用电器
佳电股份,电力设备
河钢资源,钢铁
众合科技,机械设备
三湘印象,房地产
安凯客车,汽车
张裕A,食品饮料
张裕B,
吉电股份,公用事业
新希望,农林牧渔
天山股份,建筑材料
云南铜业,有色金属
潍柴重机,汽车
中广核技,基础化工
华联股份,商贸零售
湖北能源,公用事业
城发环境,环保
海南高速,房地产
启迪药业,医药生物
太阳能,公用事业
平潭发展,农林牧渔
德龙汇能,公用事业
宝塔实业,机械设备
古井贡酒,食品饮料
古井贡B,
东北制药,医药生物
兴蓉环境,环保
青岛双星,汽车
建投能源,公用事业
韶能股份,公用事业
盛达资源,有色金属
渤海股份,环保
华媒控股,传媒
阳光股份,房地产
*ST中迪,房地产
西安旅游,社会服务
贵州轮胎,汽车
神州信息,计算机
西部创业,交通运输
莱茵体育,房地产
万向钱潮,汽车
我爱我家,房地产
烽火电子,国防军工
陕国投A,非银金融
供销大集,商贸零售
渝三峡A,基础化工
海南海药,医药生物
许继电气,电力设备
冀东水泥,建筑材料
金融街,房地产
派林生物,医药生物
长虹华意,家用电器
胜利股份,公用事业
藏格矿业,有色金属
云鼎科技,计算机
沈阳机床,机械设备
英特集团,医药生物
ST旭电,电子
ST东旭B,
渤海租赁,非银金融
合百集团,商贸零售
通程控股,商贸零售
吉林化纤,基础化工
南京公用,综合
湖北宜化,基础化工
东阿阿胶,医药生物
徐工机械,机械设备
兴业银锡,有色金属
海德股份,非银金融
泸州老窖,食品饮料
苏常柴A,汽车
苏常柴B,
新大洲A,煤炭
海马汽车,汽车
粤宏远A,房地产
甘化科工,国防军工
威孚高科,汽车
酒鬼酒,食品饮料
一汽解放,汽车
四川九洲,家用电器
北京文化,传媒
山高环能,公用事业
云铝股份,有色金属
*ST和展,房地产
创维数字,家用电器
冰轮环境,机械设备
陕西金叶,轻工制造
蓝焰控股,石油石化
安泰科技,有色金属
中科三环,有色金属
中基健康,农林牧渔
佛塑科技,基础化工
山金国际,有色金属
*ST华铁,机械设备
浪潮信息,计算机
桂林旅游,社会服务
ST金鸿,公用事业
盈方微,电子
上峰水泥,建筑材料
智度股份,传媒
恒天海龙,基础化工
襄阳轴承,汽车
大连友谊,商贸零售
山推股份,机械设备
视觉中国,传媒
东方电子,电力设备
远兴能源,基础化工
中山公用,环保
东北证券,非银金融
国城矿业,有色金属
宝新能源,公用事业
华天酒店,社会服务
粤高速A,交通运输
粤高速B,
张家界,社会服务
晨鸣纸业,轻工制造
锌业股份,有色金属
ST西发,食品饮料
漳州发展,综合
山西高速,交通运输
新华制药,医药生物
浩物股份,汽车
中色股份,有色金属
中百集团,商贸零售
本钢板材,钢铁
本钢板B,
西藏矿业,有色金属
通化金马,医药生物
晋控电力,公用事业
中航西飞,国防军工
广发证券,非银金融
中核科技,机械设备
亚太实业,基础化工
惠天热电,公用事业
滨海能源,电力设备
宗申动力,机械设备
炼石航空,国防军工
沈阳化工,石油石化
模塑科技,汽车
厦门信达,汽车
正虹科技,农林牧渔
恒逸石化,石油石化
浙江震元,医药生物
神州高铁,机械设备
中国宝安,电力设备
美丽生态,建筑装饰
深物业A,房地产
深物业B,
新兴铸管,钢铁
甘咨询,建筑装饰
恒申新材,基础化工
长江证券,非银金融
居然之家,商贸零售
北新建材,建筑材料
北大医药,医药生物
万年青,建筑材料
华神科技,医药生物
甘肃能源,公用事业
盐湖股份,基础化工
华闻集团,传媒
英洛华,有色金属
南玻A,建筑材料
南玻B,
沙河股份,房地产
深康佳A,家用电器
深康佳B,
深中华A,纺织服饰
深中华B,
深粮控股,农林牧渔
深粮B,
深华发A,电子
深华发B,
深科技,电子
招商港口,交通运输
招港B,
*ST深天,建筑材料
福星股份,房地产
中国铁物,机械设备
中钢国际,建筑装饰
兰州黄河,食品饮料
中粮科技,农林牧渔
中关村,医药生物
华菱钢铁,钢铁
神火股份,有色金属
晨鸣B,
山东路桥,建筑装饰
武商集团,商贸零售
国新健康,计算机
南华生物,医药生物
京粮控股,农林牧渔
京粮B,
*ST中润,有色金属
珠海港,公用事业
平安银行,银行
万科A,房地产
四川双马,非银金融
华西股份,基础化工
冀中能源,煤炭
紫光股份,计算机
南天信息,计算机
新乡化纤,基础化工
重药控股,医药生物
中国重汽,汽车
广济药业,医药生物
河化股份,医药生物
欣龙控股,纺织服饰
中通客车,汽车
电投产融,非银金融
首钢股份,钢铁
锡业股份,有色金属
东方钽业,有色金属
华东医药,医药生物
天保基建,房地产
长源电力,公用事业
双环科技,基础化工
中信特钢,钢铁
河钢股份,钢铁
贝瑞基因,医药生物
湖南黄金,有色金属
北斗星通,国防军工
通富微电,电子
中国中免,商贸零售
圣农发展,农林牧渔
齐心集团,轻工制造
浙江永强,轻工制造
天津普林,电子
东南网架,建筑装饰
安纳达,基础化工
广宇集团,房地产
潍柴动力,汽车
中远海发,交通运输
大连重工,机械设备
宏达新材,基础化工
大为股份,电子
太平洋,非银金融
天融信,计算机
三全食品,食品饮料
电投能源,煤炭
中信银行,银行
北京银行,银行
创新医疗,医药生物
中国重工,国防军工
嘉应制药,医药生物
中国中铁,建筑装饰
新华都,传媒
利尔化学,基础化工
联化科技,基础化工
华宇软件,计算机
康斯特,机械设备
御银股份,计算机
全聚德,社会服务
建设工业,汽车
上海莱士,医药生物
北辰实业,房地产
软控股份,机械设备
紫金矿业,有色金属
纳思达,计算机
建设银行,银行
盛新锂能,有色金属
聚力文化,建筑材料
奥特佳,汽车
天威视讯,传媒
中远海控,交通运输
西部矿业,有色金属
水晶光电,电子
星网锐捷,通信
四川成渝,交通运输
中国中车,机械设备
光大证券,非银金融
万马股份,电力设备
博深股份,机械设备
亚太股份,汽车
天润工业,汽车
汉王科技,计算机
实益达,电子
顺络电子,电子
新集能源,煤炭
ST证通,计算机
中国海诚,建筑装饰
东港股份,轻工制造
神州泰岳,传媒
延华智能,计算机
中海油服,石油石化
合纵科技,电力设备
怡亚通,商贸零售
华天科技,电子
宝武镁业,有色金属
海得控制,机械设备
中国神华,煤炭
盛通股份,轻工制造
四方股份,电力设备
长城汽车,汽车
拓邦股份,电子
辉煌科技,通信
精艺股份,有色金属
安妮股份,轻工制造
宏达高科,纺织服饰
银轮股份,汽车
启明信息,计算机
奥维通信,国防军工
中国建筑,建筑装饰
陕天然气,公用事业
国统股份,建筑材料
中国太保,非银金融
准油股份,石油石化
中电兴发,计算机
协鑫集成,电力设备
南极电商,商贸零售
利欧股份,机械设备
恒星科技,机械设备
洋河股份,食品饮料
中科云网,社会服务
永安药业,医药生物
西部建设,建筑材料
北新路桥,建筑装饰
中航光电,国防军工
大洋电机,电力设备
鸿博股份,轻工制造
川大智胜,计算机
中光学,国防军工
中国石油,石油石化
中天服务,房地产
广百股份,商贸零售
连云港,交通运输
民和股份,农林牧渔
北化股份,基础化工
芭田股份,基础化工
成飞集成,汽车
劲嘉股份,轻工制造
武汉凡谷,通信
岩山科技,计算机
佳讯飞鸿,通信
东华科技,建筑装饰
三力士,基础化工
新里程,医药生物
金钼股份,有色金属
中国铁建,建筑装饰
格林美,电力设备
徐家汇,商贸零售
罗莱生活,纺织服饰
信立泰,医药生物
招商证券,非银金融
ST交投,建筑装饰
东晶电子,电子
科陆电子,电力设备
三变科技,电力设备
罗平锌电,有色金属
三维通信,通信
韵达股份,交通运输
上海电气,电力设备
神开股份,机械设备
兆新股份,公用事业
拓维信息,计算机
海陆重工,电力设备
柘中股份,电力设备
泰尔股份,机械设备
东华软件,计算机
瑞泰科技,建筑材料
中国国航,交通运输
ST升达,公用事业
恩华药业,医药生物
塔牌集团,建筑材料
力合科创,美容护理
大华股份,计算机
博云新材,国防军工
景兴纸业,轻工制造
黑猫股份,基础化工
北陆药业,医药生物
通润装备,机械设备
广电运通,计算机
西部材料,有色金属
正邦科技,农林牧渔
积成电子,电力设备
ST新纶,基础化工
海宁皮城,商贸零售
出版传媒,传媒
金风科技,电力设备
青海华鼎,机械设备
万通发展,房地产
陕建股份,建筑装饰
两面针,美容护理
南京商旅,商贸零售
中恒集团,医药生物
鑫科材料,有色金属
广汇能源,石油石化
大湖股份,农林牧渔
首旅酒店,社会服务
广晟有色,有色金属
阳光照明,家用电器
北方股份,机械设备
景谷林业,农林牧渔
城建发展,房地产
海正药业,医药生物
浦发银行,银行
白云机场,交通运输
南京医药,医药生物
广博股份,轻工制造
信隆健康,汽车
中国人寿,非银金融
沃华医药,医药生物
威海广泰,国防军工
金瑞矿业,基础化工
*ST文投,传媒
凤凰股份,房地产
天津港,交通运输
东软集团,计算机
大连热电,公用事业
中交设计,建筑装饰
百花医药,医药生物
金牛化工,基础化工
宁波富达,房地产
云维股份,煤炭
华电能源,公用事业
华电B股,
鲁北化工,基础化工
佳都科技,计算机
重庆百货,商贸零售
中国高科,社会服务
湖南海利,基础化工
爱旭股份,电力设备
北汽蓝谷,汽车
实达集团,通信
新华锦,纺织服饰
苏州高新,房地产
中粮糖业,农林牧渔
丽尚国潮,商贸零售
辽宁成大,医药生物
山西焦化,煤炭
华域汽车,汽车
一汽富维,汽车
华远地产,房地产
华银电力,公用事业
中国软件,计算机
世纪瑞尔,计算机
凯瑞德,商贸零售
莱茵生物,基础化工
苏州固锝,电力设备
太阳纸业,轻工制造
大港股份,电子
上港集团,交通运输
中材科技,建筑材料
金螳螂,建筑装饰
万邦德,医药生物
*ST贤丰,农林牧渔
大立科技,国防军工
江南化工,基础化工
*ST合泰,电子
拓日新能,公用事业
友阿股份,商贸零售
世联行,房地产
光迅科技,通信
奇正藏药,医药生物
保龄宝,农林牧渔
威尔泰,机械设备
云南旅游,社会服务
大秦铁路,交通运输
广东建工,公用事业
浙江交科,建筑装饰
宏润建设,建筑装饰
远光软件,计算机
华峰化学,基础化工
中核钛白,基础化工
汉钟精机,机械设备
惠程科技,电力设备
诺普信,基础化工
平煤股份,煤炭
孚日股份,纺织服饰
海鸥住工,轻工制造
万丰奥威,汽车
东方海洋,医药生物
宁波银行,银行
南京银行,银行
石基信息,计算机
荣盛发展,房地产
三特索道,社会服务
美邦服饰,纺织服饰
华明装备,电力设备
川润股份,机械设备
浙富控股,环保
桂林三金,医药生物
珠江啤酒,食品饮料
北纬科技,通信
海利得,基础化工
常铝股份,有色金属
远望谷,电子
泰和新材,基础化工
报喜鸟,纺织服饰
宁波东力,机械设备
悦心健康,轻工制造
海南发展,建筑装饰
智光电气,电力设备
ST联络,商贸零售
东方锆业,有色金属
东方智造,机械设备
福晶科技,电子
中煤能源,煤炭
东华能源,石油石化
兴业银行,银行
华资实业,农林牧渔
长城电工,电力设备
创兴资源,建筑装饰
中牧股份,农林牧渔
复星医药,医药生物
伊力特,食品饮料
瓦轴B,
大唐电信,通信
金种子酒,食品饮料
江苏吴中,医药生物
生物股份,农林牧渔
哈空调,机械设备
福日电子,电子
有研新材,电子
安彩高科,电力设备
亨通光电,通信
津药药业,医药生物
中金黄金,有色金属
鹏欣资源,有色金属
龙元建设,建筑装饰
凤竹纺织,纺织服饰
晋西车轴,机械设备
精工钢构,建筑装饰
驰宏锌锗,有色金属
德美化工,基础化工
烽火通信,通信
科达制造,机械设备
中化国际,基础化工
航天晨光,机械设备
安徽建工,建筑装饰
华丽家族,房地产
西昌电力,公用事业
统一股份,石油石化
方大特钢,钢铁
上海能源,煤炭
四川金顶,建筑材料
上海凤凰,汽车
凤凰B股,
鲁阳节能,建筑材料
招商轮船,交通运输
得润电子,电子
横店东磁,电力设备
保利发展,房地产
中钢天源,社会服务
达意隆,机械设备
南京港,交通运输
金智科技,电力设备
江苏国泰,商贸零售
ST中泰,基础化工
飞马国际,环保
电科网安,计算机
东方雨虹,建筑材料
红宝丽,基础化工
融捷股份,有色金属
日照港,交通运输
国轩高科,电力设备
沙钢股份,钢铁
星光股份,家用电器
中材国际,建筑装饰
紫江企业,轻工制造
西藏药业,医药生物
绿能慧充,电力设备
*ST亚星,汽车
派斯林,机械设备
浙江医药,医药生物
中再资环,环保
全柴动力,汽车
南山铝业,有色金属
*ST同洲,家用电器
云南能投,基础化工
工商银行,银行
海航控股,交通运输
海控B股,
太龙药业,医药生物
福瑞达,美容护理
卓朗科技,计算机
亨通股份,公用事业
赤天化,基础化工
返利科技,传媒
城市传媒,传媒
沧州大化,基础化工
凌钢股份,钢铁
金鹰股份,机械设备
圆通速递,交通运输
*ST科新,建筑装饰
民丰特纸,轻工制造
桂冠电力,公用事业
铜峰电子,电子
新湖中宝,房地产
海南椰岛,食品饮料
云南城投,房地产
时代万恒,电力设备
百川能源,公用事业
南京新百,综合
京投发展,房地产
珠江股份,房地产
中船防务,国防军工
金龙汽车,汽车
上海石化,石油石化
上海三毛,综合
潞安环能,煤炭
獐子岛,农林牧渔
久其软件,计算机
广深铁路,交通运输
恒宝股份,通信
三钢闽光,钢铁
三毛B股,
海尔智家,家用电器
阳煤化工,基础化工
亚通股份,房地产
东百集团,商贸零售
大商股份,商贸零售
岩石股份,食品饮料
欧亚集团,商贸零售
湖南天雁,汽车
天雁B股,
均胜电子,汽车
舍得酒业,食品饮料
三安光电,电子
物产中大,交通运输
中航产融,非银金融
曲江文旅,社会服务
彩虹股份,电子
光明地产,房地产
苏美达,商贸零售
ST盛屯,有色金属
南宁百货,商贸零售
中工国际,建筑装饰
康强电子,电子
柳钢股份,钢铁
晋控煤业,煤炭
中国银行,银行
大唐发电,公用事业
生意宝,传媒
青岛金王,美容护理
国脉科技,社会服务
能特科技,医药生物
广东鸿图,汽车
海翔药业,医药生物
天康生物,农林牧渔
山河智能,机械设备
易普力,基础化工
浔兴股份,纺织服饰
ST天邦,农林牧渔
重庆钢铁,钢铁
中国平安,非银金融
梦网科技,通信
楚江新材,有色金属
沧州明珠,基础化工
莱宝高科,电子
兴化股份,基础化工
晋亿实业,机械设备
万里扬,汽车
宝利国际,石油石化
海伦钢琴,轻工制造
雅化集团,基础化工
科远智慧,计算机
益盛药业,医药生物
伟星新材,建筑材料
海南橡胶,农林牧渔
国星光电,电子
青松股份,美容护理
兴森科技,电子
GQY视讯,电子
海新能科,基础化工
龙源技术,电力设备
金利华电,电力设备
安诺其,基础化工
宝馨科技,机械设备
涪陵榨菜,食品饮料
蓝丰生化,基础化工
力帆科技,汽车
亚太药业,医药生物
亚厦股份,建筑装饰
ST亚联,非银金融
赫美集团,商贸零售
沃森生物,医药生物
亚威股份,机械设备
中国化学,建筑装饰
宝莫股份,石油石化
金正大,基础化工
比亚迪,汽车
东宝生物,医药生物
日上集团,建筑装饰
大金重工,电力设备
佳隆股份,食品饮料
尤夫股份,基础化工
棕榈股份,建筑装饰
欧菲光,电子
龙江交通,交通运输
吉林高速,交通运输
皖新传媒,传媒
新朋股份,汽车
华测检测,社会服务
中元股份,电力设备
福石控股,传媒
网宿科技,计算机
爱尔眼科,医药生物
硅宝科技,基础化工
*ST银江,计算机
吉峰科技,商贸零售
机器人,机械设备
大禹节水,农林牧渔
同花顺,计算机
海峡股份,交通运输
重庆水务,环保
新亚制程,电子
凯撒文化,传媒
云图控股,基础化工
亚星锚链,国防军工
金杯电工,电力设备
科新机电,机械设备
双林股份,汽车
千红制药,医药生物
普天科技,通信
航宇微,电子
万顺新材,有色金属
万邦达,石油石化
中创环保,环保
蓝色光标,传媒
高乐股份,轻工制造
闰土股份,基础化工
锐奇股份,机械设备
凯龙股份,基础化工
姚记科技,传媒
鸿路钢构,建筑装饰
三江购物,商贸零售
贝因美,食品饮料
尚荣医疗,医药生物
中海达,国防军工
派生科技,汽车
双箭股份,基础化工
北京科锐,电力设备
焦点科技,商贸零售
南国置业,房地产
美盈森,轻工制造
*ST威创,计算机
国民技术,电子
奥克股份,基础化工
三维化学,建筑装饰
众业达,电力设备
森源电气,电力设备
凯美特气,基础化工
回天新材,基础化工
新宙邦,电力设备
富临运业,交通运输
百川股份,基础化工
西部牧业,食品饮料
顺网科技,传媒
中航电测,国防军工
万讯自控,机械设备
华策影视,传媒
泰胜风能,电力设备
东方日升,电力设备
汉森制药,医药生物
文峰股份,商贸零售
哈尔斯,轻工制造
富煌钢构,建筑装饰
春兴精工,汽车
安居宝,计算机
昌红科技,机械设备
正泰电器,电力设备
沪电股份,电子
嘉事堂,医药生物
尤洛卡,机械设备
金刚光伏,电力设备
际华集团,纺织服饰
陕鼓动力,机械设备
华斯股份,纺织服饰
海欣食品,食品饮料
唐人神,农林牧渔
永辉超市,商贸零售
潜能恒信,石油石化
新研股份,机械设备
天瑞仪器,机械设备
北京君正,电子
林州重机,机械设备
捷顺科技,计算机
丰林集团,轻工制造
花园生物,医药生物
英唐智控,电子
汉缆股份,电力设备
先河环保,环保
英威腾,机械设备
*ST人乐,商贸零售
赛象科技,机械设备
科华数据,电力设备
奥普光电,国防军工
科伦药业,医药生物
农业银行,银行
申通快递,交通运输
华仁药业,医药生物
福能东方,电力设备
誉衡药业,医药生物
金洲管道,钢铁
皓宸医疗,医药生物
易成新能,电力设备
永兴材料,有色金属
松芝股份,汽车
华软科技,基础化工
赣锋锂业,有色金属
银之杰,计算机
郑煤机,机械设备
四方达,机械设备
智云股份,机械设备
华昌达,机械设备
棒杰股份,纺织服饰
跨境通,商贸零售
君正集团,基础化工
宁波建工,建筑装饰
南方精工,汽车
数字政通,计算机
领益智造,电子
龙佰集团,基础化工
罗普斯金,建筑材料
仙琚制药,医药生物
新开源,基础化工
向日葵,医药生物
*ST嘉寓,建筑装饰
常宝股份,钢铁
中超控股,电力设备
长盈精密,电子
*ST吉药,医药生物
海普瑞,医药生物
广联达,计算机
齐翔腾达,石油石化
ST天喻,通信
金运激光,轻工制造
纳川股份,建筑材料
旗天科技,传媒
爱施德,商贸零售
海康威视,计算机
高德红外,国防军工
维尔利,环保
大连电瓷,电力设备
光正眼科,医药生物
ST英飞拓,计算机
香雪制药,医药生物
科泰电源,电力设备
雷科防务,国防军工
高新兴,通信
中能电气,电力设备
荃银高科,农林牧渔
三川智慧,机械设备
益生股份,农林牧渔
摩恩电气,电力设备
卫宁健康,计算机
国联水产,农林牧渔
汇川技术,机械设备
亚光科技,国防军工
智飞生物,医药生物
金固股份,汽车
通源石油,石油石化
ST先锋,基础化工
秀强股份,家用电器
飞龙股份,汽车
洽洽食品,食品饮料
中粮资本,非银金融
云南锗业,有色金属
龙星化工,基础化工
ST百灵,医药生物
南山控股,房地产
华伍股份,机械设备
天玑科技,计算机
胜利精密,电子
东方嘉盛,交通运输
太极股份,计算机
中锐股份,轻工制造
朗科科技,计算机
华力创通,国防军工
福瑞股份,医药生物
天源迪科,计算机
北方华创,电子
合康新能,机械设备
千方科技,计算机
中电环保,环保
东富龙,医药生物
福安药业,医药生物
朗源股份,农林牧渔
华峰超纤,基础化工
东方铁塔,基础化工
睿智医药,医药生物
众生药业,医药生物
乐通股份,基础化工
新筑股份,公用事业
ST天龙,建筑装饰
天娱数科,传媒
鱼跃医疗,医药生物
濮耐股份,建筑材料
中科电气,电力设备
融捷健康,家用电器
超图软件,计算机
阳普医疗,医药生物
海大集团,农林牧渔
恒大高新,基础化工
久立特材,钢铁
富安娜,纺织服饰
大北农,农林牧渔
东山精密,电子
天原股份,基础化工
遥望科技,传媒
太阳电缆,电力设备
奥飞娱乐,传媒
沃尔核材,电子
TCL中环,电力设备
宏创控股,有色金属
得利斯,食品饮料
皇氏集团,食品饮料
辽港股份,交通运输
金字火腿,食品饮料
华东数控,机械设备
大东南,基础化工
华昌化工,基础化工
*ST步高,商贸零售
华谊兄弟,传媒
红日药业,医药生物
华星创业,通信
聚光科技,环保
巨人网络,传媒
三七互娱,传媒
金新农,农林牧渔
金通灵,机械设备
恒信东方,通信
奥佳华,家用电器
双环传动,汽车
ST步森,纺织服饰
皖通科技,计算机
南风股份,机械设备
天海防务,国防军工
乐普医疗,医药生物
莱美药业,医药生物
汉威科技,机械设备
*ST超华,电子
ST宇顺,电子
安控科技,机械设备
禾盛新材,家用电器
方直科技,计算机
海默科技,机械设备
巨星科技,机械设备
恒基达鑫,交通运输
川发龙蟒,基础化工
天桥起重,机械设备
中国中冶,建筑装饰
日海智能,通信
新北洋,计算机
梦洁股份,纺织服饰
中国一重,机械设备
章源钨业,有色金属
世纪鼎利,通信
赛为智能,计算机
台基股份,电子
星辉娱乐,传媒
*ST东园,建筑装饰
卓翼科技,电子
亿纬锂能,电力设备
安科生物,医药生物
鼎汉技术,机械设备
探路者,纺织服饰
*ST新宁,交通运输
国创高新,石油石化
中青宝,传媒
鼎龙股份,电子
佳创视讯,计算机
九华旅游,社会服务
合众思壮,国防军工
隆基机械,汽车
普路通,交通运输
广电电气,电力设备
普利特,基础化工
理工能科,计算机
九洲集团,公用事业
中南传媒,传媒
经纬辉开,电子
锦富技术,电力设备
宋城演艺,社会服务
盈康生命,医药生物
科恒股份,电力设备
钢研高纳,国防军工
金龙机电,电子
精华制药,医药生物
滨化股份,基础化工
漫步者,电子
顺丰控股,交通运输
雅博股份,建筑装饰
永太科技,基础化工
天齐锂业,有色金属
中南文化,机械设备
宝通科技,传媒
晓程科技,有色金属
巨力索具,机械设备
司尔特,基础化工
冠昊生物,医药生物
康芝药业,医药生物
振芯科技,国防军工
新时达,机械设备
金财互联,机械设备
联发股份,纺织服饰
力生制药,医药生物
豪迈科技,机械设备
立讯精密,电子
慈文传媒,传媒
潮宏基,纺织服饰
深圳燃气,公用事业
*ST中利,电力设备
东土科技,通信
双杰电气,电力设备
赛轮轮胎,汽车
同德化工,基础化工
中恒电气,电力设备
上海凯宝,医药生物
康力电梯,机械设备
融发核电,电力设备
中国西电,电力设备
神剑股份,基础化工
交通银行,银行
中国铝业,有色金属
九阳股份,家用电器
蔚蓝锂芯,电力设备
歌尔股份,电子
二六三,通信
盛路通信,国防军工
中原内配,汽车
江苏神通,机械设备
ST墨龙,机械设备
天虹股份,商贸零售
正威新材,建筑材料
豆神教育,社会服务
特锐德,电力设备
海亮股份,有色金属
多氟多,基础化工
维信诺,电子
双象股份,基础化工
航天彩虹,国防军工
垒知集团,建筑材料
信邦制药,医药生物
长青股份,基础化工
昊华能源,煤炭
瑞凌股份,机械设备
苏大维格,电子
兴民智通,汽车
杰瑞股份,机械设备
榕基软件,计算机
华英农业,农林牧渔
合兴包装,轻工制造
奥特迅,电力设备
滨江集团,房地产
科大讯飞,计算机
恒邦股份,有色金属
蓝帆医疗,医药生物
达实智能,计算机
海联讯,计算机
华泰证券,非银金融
琏升科技,电力设备
北京利尔,建筑材料
华西能源,电力设备
富春环保,公用事业
方正电机,电力设备
合肥城建,房地产
如意集团,纺织服饰
澳洋健康,医药生物
游族网络,传媒
金陵饭店,社会服务
湘潭电化,电力设备
博晖创新,医药生物
汇洲智能,机械设备
三星医疗,电力设备
海达股份,基础化工
ST天山,农林牧渔
戴维医疗,医药生物
华灿光电,电子
迪森股份,公用事业
昇兴股份,轻工制造
隆鑫通用,汽车
圣阳股份,电力设备
九牧王,纺织服饰
华鼎股份,商贸零售
世纪华通,传媒
瑞丰高材,基础化工
完美世界,传媒
利德曼,医药生物
今天国际,计算机
京威股份,汽车
龙洲股份,交通运输
迪安诊断,医药生物
鹏翎股份,汽车
北信源,计算机
天赐材料,电力设备
跃岭股份,汽车
仙坛股份,农林牧渔
光洋股份,汽车
煌上煌,食品饮料
斯莱克,机械设备
旋极信息,计算机
云意电气,汽车
远方信息,机械设备
海能达,通信
浙文影业,纺织服饰
万安科技,汽车
亚玛顿,电力设备
陕西煤业,煤炭
赞宇科技,基础化工
名雕股份,建筑装饰
岭南股份,建筑装饰
麦格米特,电力设备
天银机电,家用电器
国盛金控,非银金融
翠微股份,商贸零售
南大光电,电子
亿通科技,通信
科德教育,社会服务
东江环保,环保
普邦股份,建筑装饰
国瓷材料,电子
金明精机,机械设备
神农种业,农林牧渔
森马服饰,纺织服饰
保隆科技,汽车
通光线缆,电力设备
吉视传媒,传媒
美亚光电,机械设备
华鹏飞,交通运输
阳光电源,电力设备
恒立液压,机械设备
尔康制药,医药生物
新天科技,机械设备
聚飞光电,电子
ST航高,电力设备
百洋股份,农林牧渔
华东重机,机械设备
天和防务,国防军工
长亮科技,计算机
谱尼测试,社会服务
泰格医药,医药生物
麦克奥迪,医药生物
奋达科技,电子
亿利达,机械设备
中颖电子,电子
中国汽研,汽车
尚纬股份,电力设备
东诚药业,医药生物
任子行,计算机
环球印务,轻工制造
东吴证券,非银金融
和邦生物,基础化工
银信科技,计算机
ST八菱,汽车
光韵达,机械设备
正海磁材,有色金属
富瑞特装,机械设备
依米康,计算机
上海钢联,计算机
飞力达,交通运输
溢多利,医药生物
双星新材,基础化工
骆驼股份,电力设备
*ST围海,建筑装饰
莎普爱思,医药生物
远程股份,电力设备
楚天科技,医药生物
宜通世纪,通信
光线传媒,传媒
清新环境,环保
明牌珠宝,纺织服饰
通达动力,电力设备
珠江钢琴,轻工制造
冀凯股份,机械设备
慈星股份,机械设备
万润科技,电子
东珠生态,建筑装饰
海思科,医药生物
纽威股份,机械设备
节能风电,公用事业
福达股份,汽车
大中矿业,钢铁
苏奥传感,汽车
瑞和股份,建筑装饰
九洲药业,医药生物
江南水务,环保
舒泰神,医药生物
日科化学,基础化工
翰宇药业,医药生物
高盟新材,基础化工
东华测试,机械设备
福龙马,环保
兄弟科技,基础化工
*ST天沃,建筑装饰
德力股份,轻工制造
天佑德酒,食品饮料
雪人股份,机械设备
华宏科技,环保
未名医药,医药生物
吉鑫科技,电力设备
索菲亚,轻工制造
乐歌股份,轻工制造
金河生物,农林牧渔
海格通信,国防军工
宁波港,交通运输
江海股份,电子
通达股份,电力设备
永利股份,基础化工
洲明科技,电子
开尔新材,建筑材料
梅安森,计算机
天龙集团,传媒
海兰信,国防军工
南都电源,电力设备
康盛股份,家用电器
毅昌科技,家用电器
佳士科技,机械设备
东软载波,通信
节能铁汉,建筑装饰
北玻股份,建筑材料
思创医惠,计算机
华平股份,计算机
数码视讯,计算机
创世纪,机械设备
林洋能源,公用事业
海伦哲,机械设备
创意信息,计算机
渤海轮渡,交通运输
银河电子,国防军工
新锦动力,机械设备
玉龙股份,有色金属
润邦股份,机械设备
公元股份,建筑材料
露笑科技,公用事业
兴源环境,环保
中国电建,建筑装饰
科大智能,电力设备
东方电热,家用电器
银禧科技,基础化工
杭齿前进,机械设备
*ST龙宇,计算机
兴业证券,非银金融
ST鼎龙,有色金属
和顺电气,电力设备
节能环境,环保
大富科技,通信
以岭药业,医药生物
新开普,计算机
初灵信息,计算机
宝莱特,医药生物
依顿电子,电子
中京电子,电子
嘉麟杰,纺织服饰
ST雪发,纺织服饰
广田集团,建筑装饰
山西证券,非银金融
阳谷华泰,基础化工
瑞普生物,农林牧渔
光大银行,银行
ST聆达,公用事业
常山药业,医药生物
蓝科高新,机械设备
瑞康医药,医药生物
苏交科,建筑装饰
京运通,公用事业
江河集团,建筑装饰
同大股份,基础化工
宏昌电子,电子
隆基绿能,电力设备
应流股份,机械设备
成都路桥,建筑装饰
光启技术,国防军工
珈伟新能,公用事业
开能健康,家用电器
长信科技,电子
ST易联众,计算机
青龙管业,建筑材料
海源复材,机械设备
浙江众成,基础化工
汤臣倍健,食品饮料
中远海科,计算机
省广集团,传媒
嘉欣丝绸,纺织服饰
远东传动,汽车
东方财富,非银金融
ST恒久,电子
四维图新,计算机
爱仕达,家用电器
和而泰,家用电器
雅克科技,电子
新国都,计算机
雷曼光电,电子
绿城水务,环保
新华保险,非银金融
威领股份,机械设备
联建光电,电子
雅本化学,基础化工
顺灏股份,轻工制造
雷柏科技,计算机
唐山港,交通运输
长高电新,电力设备
双塔食品,农林牧渔
中顺洁柔,美容护理
天汽模,汽车
鹏都农牧,农林牧渔
惠博普,石油石化
老板电器,家用电器
中矿资源,有色金属
万和电气,家用电器
大智慧,计算机
宝鼎科技,机械设备
华中数控,机械设备
亚太科技,有色金属
奥拓电子,电子
金城医药,医药生物
上海新阳,电子
美晨科技,汽车
养元饮品,食品饮料
中晟高科,环保
史丹利,基础化工
新联电子,电力设备
星宇股份,汽车
力源信息,电子
捷成股份,传媒
齐峰新材,轻工制造
中金环境,机械设备
天舟文化,传媒
日发精机,机械设备
达华智能,计算机
万达信息,计算机
旷达科技,汽车
恺英网络,传媒
金力泰,基础化工
电科院,社会服务
开山股份,机械设备
鸿利智汇,电子
旗滨集团,建筑材料
掌趣科技,传媒
富春股份,传媒
人民网,传媒
汉得信息,计算机
元力股份,基础化工
东方国信,计算机
*ST迪威,计算机
海联金汇,汽车
佛慈制药,医药生物
杭氧股份,基础化工
晶澳科技,电力设备
当升科技,电力设备
碧水源,环保
温州宏丰,电力设备
三峡旅游,交通运输
佛燃能源,公用事业
江苏国信,公用事业
新莱应材,机械设备
金信诺,国防军工
闽发铝业,有色金属
欣旺达,电力设备
仟源医药,医药生物
星星科技,电子
中国交建,建筑装饰
安洁科技,电子
蓝英装备,机械设备
易华录,计算机
东方精工,机械设备
新动力,环保
金安国纪,电子
木林森,电子
方正证券,非银金融
中公教育,社会服务
海南瑞泽,建筑材料
利民股份,基础化工
金达威,食品饮料
山东矿机,机械设备
天山铝业,有色金属
银河磁体,有色金属
金禾实业,基础化工
山东章鼓,机械设备
佳云科技,传媒
群兴玩具,轻工制造
理邦仪器,医药生物
西子洁能,电力设备
天顺风能,电力设备
天晟新材,基础化工
万润股份,电子
丰元股份,电力设备
九安医疗,医药生物
兆驰股份,家用电器
辉丰股份,基础化工
达刚控股,机械设备
乾照光电,电子
西陇科学,电子
好想你,食品饮料
百润股份,食品饮料
森远股份,环保
*ST中程,综合
*ST有树,计算机
晨光生物,农林牧渔
信维通信,电子
中化岩土,建筑装饰
佐力药业,医药生物
桐昆股份,石油石化
东材科技,基础化工
宝色股份,机械设备
安利股份,基础化工
启明星辰,计算机
建新股份,基础化工
裕兴股份,基础化工
锦泓集团,纺织服饰
风范股份,电力设备
博威合金,有色金属
国投智能,计算机
长荣股份,机械设备
长海股份,建筑材料
永清环保,环保
华民股份,电力设备
通裕重工,电力设备
辉隆股份,农林牧渔
仁智股份,石油石化
联明股份,汽车
精锻科技,汽车
瑞丰光电,电子
宝泰隆,煤炭
ST佳沃,农林牧渔
隆华科技,机械设备
博雅生物,医药生物
长青集团,公用事业
*ST巴安,环保
中威电子,计算机
明泰铝业,有色金属
朗姿股份,纺织服饰
拓尔思,计算机
良信股份,电力设备
九州通,医药生物
科士达,电力设备
荣盛石化,石油石化
通鼎互联,通信
顾地科技,建筑材料
天壕能源,公用事业
宜安科技,有色金属
金卡智能,机械设备
喜临门,轻工制造
津膜科技,环保
百纳千成,传媒
扬子新材,建筑材料
广东宏大,基础化工
立方数科,计算机
勤上股份,家用电器
仁东控股,非银金融
安科瑞,电力设备
三六五网,传媒
博实股份,机械设备
牧原股份,农林牧渔
崇达技术,电子
浙江世宝,汽车
物产金轮,机械设备
ST峡创,计算机
茂硕电源,电子
华致酒行,商贸零售
康达新材,基础化工
雪迪龙,环保
兴业科技,纺织服饰
克明食品,食品饮料
凯文教育,社会服务
浙江美大,家用电器
顺威股份,家用电器
白云电器,电力设备
同有科技,计算机
中际旭创,通信
华贸物流,交通运输
龙泉股份,建筑材料
朗玛信息,计算机
海天味业,食品饮料
怡球资源,有色金属
东峰集团,轻工制造
汉嘉设计,建筑装饰
中信重工,机械设备
广汽集团,汽车
联创股份,基础化工
晶盛机电,电力设备
麦捷科技,电子
日出东方,家用电器
三诺生物,医药生物
共达电声,电子
ST摩登,纺织服饰
百隆东方,纺织服饰
*ST长方,电子
利亚德,电子
弘元绿能,电力设备
凯利泰,医药生物
环旭电子,电子
中科金财,计算机
龙韵股份,传媒
TCL智家,家用电器
荣联科技,计算机
绿盟科技,计算机
*ST开元,社会服务
奥瑞金,轻工制造
和晶科技,家用电器
利君股份,国防军工
广信股份,基础化工
德联集团,基础化工
道明光学,基础化工
卫星化学,基础化工
凤凰传媒,传媒
西部证券,非银金融
ST加加,食品饮料
吴通控股,通信
双成药业,医药生物
中材节能,环保
光环新网,通信
洛阳钼业,有色金属
汇中股份,机械设备
艾比森,电子
友邦吊顶,建筑材料
登云股份,汽车
湖南白银,有色金属
东易日盛,建筑装饰
小崧股份,家用电器
通宇通讯,通信
一心堂,医药生物
硕贝德,电子
润和软件,计算机
劲拓股份,机械设备
兆日科技,计算机
福建金森,农林牧渔
远大智能,机械设备
飞利信,计算机
荣科科技,计算机
三六零,计算机
博彦科技,计算机
信质集团,汽车
永杉锂业,有色金属
银邦股份,有色金属
乔治白,纺织服饰
岱勒新材,机械设备
温氏股份,农林牧渔
美力科技,汽车
汇纳科技,计算机
震安科技,基础化工
聚灿光电,电子
三雄极光,家用电器
维业股份,建筑装饰
中亦科技,计算机
圣邦股份,电子
华测导航,通信
华瑞股份,电力设备
光库科技,通信
开立医疗,医药生物
亿联网络,通信
森霸传感,电子
仲景食品,食品饮料
日播时尚,纺织服饰
深圳新星,有色金属
财通证券,非银金融
锡装股份,机械设备
华脉科技,通信
地素时尚,纺织服饰
京能热力,公用事业
天安新材,轻工制造
恒润股份,电力设备
中曼石油,石油石化
三孚股份,基础化工
香飘飘,食品饮料
南卫股份,医药生物
凌霄泵业,机械设备
中马传动,汽车
圣达生物,基础化工
博士眼镜,商贸零售
兆丰股份,汽车
扬帆新材,基础化工
立昂技术,通信
中达安,建筑装饰
光威复材,国防军工
侨源股份,基础化工
同和药业,医药生物
普利制药,医药生物
科锐国际,社会服务
大烨智能,电力设备
科蓝软件,计算机
设计总院,建筑装饰
传艺科技,电子
南华期货,非银金融
中农立华,基础化工
天奥电子,国防军工
智能自控,机械设备
哈三联,医药生物
卫光生物,医药生物
禾望电气,电力设备
园林股份,建筑装饰
沃特股份,基础化工
基蛋生物,医药生物
长缆科技,电力设备
创源股份,轻工制造
集泰股份,基础化工
日盈电子,汽车
上海雅仕,交通运输
豪能股份,汽车
天风证券,非银金融
江苏雷利,电力设备
必创科技,机械设备
晶瑞电材,电子
大元泵业,机械设备
高争民爆,基础化工
我乐家居,轻工制造
吉华集团,基础化工
原尚股份,交通运输
勘设股份,建筑装饰
合盛硅业,基础化工
嘉泽新能,公用事业
弘宇股份,机械设备
中国出版,传媒
招商蛇口,房地产
正海生物,医药生物
华大基因,医药生物
东方材料,基础化工
中设股份,建筑装饰
*ST大药,医药生物
菲林格尔,轻工制造
北银优2,
新城控股,房地产
山东出版,传媒
泰瑞机器,机械设备
万通智控,汽车
浙矿股份,机械设备
友讯达,电力设备
太龙股份,电子
台华新材,纺织服饰
泰和科技,基础化工
嘉诚国际,交通运输
大参林,医药生物
雷迪克,汽车
星云股份,电力设备
震裕科技,电力设备
艾德生物,医药生物
中科江南,计算机
江丰电子,电子
百亚股份,美容护理
金域医学,医药生物
易明医药,医药生物
双飞集团,机械设备
民德电子,电子
君禾股份,机械设备
南银优2,
中洲特材,有色金属
畅联股份,交通运输
苏博特,基础化工
晶华新材,基础化工
睿能科技,电子
绿茵生态,环保
双一科技,电力设备
正丹股份,基础化工
隆盛科技,汽车
长川科技,电子
透景生命,医药生物
延江股份,美容护理
金陵体育,轻工制造
杭州园林,建筑装饰
三超新材,机械设备
富满微,电子
仙乐健康,食品饮料
志邦家居,轻工制造
稳健医疗,美容护理
天目湖,社会服务
东尼电子,电子
江苏金租,非银金融
赛隆药业,医药生物
金鸿顺,汽车
旭升集团,汽车
宁行优02,
永福股份,建筑装饰
中宠股份,农林牧渔
水星家纺,纺织服饰
恒银科技,计算机
易德龙,电子
美格智能,通信
英搏尔,汽车
京泉华,电子
健友股份,医药生物
中泰证券,非银金融
盛弘股份,电力设备
德艺文创,轻工制造
立华股份,农林牧渔
阿石创,电子
一品红,医药生物
璞泰来,电力设备
掌阅科技,传媒
集友股份,轻工制造
澄天伟业,通信
华能水电,公用事业
锐明技术,计算机
杰恩设计,建筑装饰
智迪科技,计算机
联合光电,计算机
沪宁股份,机械设备
意华股份,通信
祥和实业,机械设备
川恒股份,基础化工
大博医疗,医药生物
正川股份,医药生物
春风动力,汽车
创业黑马,社会服务
英科医疗,医药生物
维康药业,医药生物
浩通科技,有色金属
振江股份,电力设备
万泰生物,医药生物
海川智能,机械设备
电工合金,有色金属
诺思格,医药生物
华信新材,基础化工
英可瑞,电力设备
中环环保,环保
天地数码,计算机
奥雅股份,建筑装饰
同庆楼,社会服务
绿色动力,环保
名臣健康,传媒
中铝国际,建筑装饰
神农集团,农林牧渔
联诚精密,汽车
合力科技,汽车
英派斯,轻工制造
爱婴室,商贸零售
中大力德,机械设备
科力尔,电力设备
甘李药业,医药生物
翔港科技,轻工制造
赛意信息,计算机
乐惠国际,机械设备
电连技术,电子
剑桥科技,通信
西上海,汽车
海特生物,医药生物
丽臣实业,基础化工
骏亚科技,电子
珀莱雅,美容护理
ST起步,纺织服饰
建研院,社会服务
*ST傲农,农林牧渔
皇马科技,基础化工
梅轮电梯,机械设备
横店影视,传媒
中源家居,轻工制造
泰坦股份,机械设备
蒙娜丽莎,轻工制造
征和工业,汽车
世纪恒通,通信
中创物流,交通运输
精研科技,电子
科创信息,计算机
瑞芯微,电子
山东玻纤,建筑材料
海油发展,石油石化
朗博科技,汽车
德生科技,计算机
洛凯股份,电力设备
风语筑,传媒
中新赛克,计算机
南都物业,房地产
兰州银行,银行
恒林股份,轻工制造
华菱精工,机械设备
卫信康,医药生物
苏州银行,银行
宇信科技,计算机
青岛银行,银行
大业股份,机械设备
贵州燃气,公用事业
漱玉平民,医药生物
拓斯达,机械设备
万隆光电,通信
光大优3,
三星新材,家用电器
华森制药,医药生物
晨丰科技,电子
苏银优1,
春晖智控,机械设备
科创新源,基础化工
润禾材料,基础化工
广哈通信,通信
国联证券,非银金融
嘉友国际,交通运输
郑州银行,银行
金奥博,基础化工
东亚机械,机械设备
艾艾精工,基础化工
中天精装,建筑装饰
深南电路,电子
三美股份,基础化工
怡达股份,基础化工
设研院,建筑装饰
奥飞数据,通信
长盛轴承,机械设备
盘龙药业,医药生物
光弘科技,电子
紫金银行,银行
庄园牧场,食品饮料
华达新材,有色金属
康辰药业,医药生物
天迈科技,计算机
雪龙集团,汽车
科沃斯,家用电器
华夏航空,交通运输
新余国科,国防军工
格林精密,电子
杭银优1,
科华控股,汽车
倍加洁,美容护理
西安银行,银行
神驰机电,汽车
西菱动力,汽车
彩讯股份,计算机
拉卡拉,非银金融
科顺股份,建筑材料
上海环境,环保
贵银优1,
光莆股份,电子
凯伦股份,建筑材料
招银优1,
新凤鸣,基础化工
天地在线,传媒
药石科技,医药生物
南京证券,非银金融
仙鹤股份,轻工制造
长城科技,电力设备
天元股份,轻工制造
芯能科技,公用事业
朝阳科技,电子
挖金客,通信
美瑞新材,基础化工
因赛集团,传媒
新天药业,医药生物
春秋电子,电子
亿嘉和,机械设备
安宁股份,有色金属
伯特利,汽车
中金辐照,社会服务
国林科技,环保
欣锐科技,汽车
三只松鼠,食品饮料
值得买,传媒
水羊股份,美容护理
巨星农牧,农林牧渔
中科海讯,国防军工
捷佳伟创,电力设备
恒达新材,轻工制造
中英科技,电子
健之佳,医药生物
振德医疗,医药生物
锋龙股份,机械设备
智莱科技,计算机
南京聚隆,基础化工
沃格光电,电子
景津装备,环保
顶固集创,轻工制造
中信出版,传媒
阿科力,基础化工
淳中科技,计算机
迈瑞医疗,医药生物
上银优1,
佩蒂股份,农林牧渔
长飞光纤,通信
山科智能,机械设备
中信建投,非银金融
国安达,机械设备
新农股份,基础化工
申菱环境,机械设备
上海凯鑫,环保
永冠新材,基础化工
日辰股份,食品饮料
七彩化学,基础化工
永新光学,电子
罗博特科,机械设备
蠡湖股份,汽车
彤程新材,基础化工
天元宠物,轻工制造
冠盛股份,汽车
富士莱,医药生物
润丰股份,基础化工
火星人,家用电器
万马科技,通信
中贝通信,通信
迈为股份,电力设备
迪普科技,计算机
海融科技,食品饮料
行动教育,社会服务
江苏新能,公用事业
宝明科技,电子
锦盛新材,美容护理
隆利科技,电子
明阳电路,电子
龙利得,轻工制造
宁水集团,机械设备
上海艾录,轻工制造
万朗磁塑,基础化工
鸿远电子,国防军工
泰永长征,电力设备
宏和科技,建筑材料
九典制药,医药生物
耐普矿机,机械设备
鼎胜新材,有色金属
众源新材,有色金属
密尔克卫,交通运输
华培动力,汽车
祥明智能,电力设备
汇得科技,基础化工
三角防务,国防军工
新疆交建,建筑装饰
红塔证券,非银金融
雅运股份,基础化工
国茂股份,机械设备
苏州规划,建筑装饰
银都股份,机械设备
春光科技,家用电器
柯力传感,机械设备
金力永磁,有色金属
药明康德,医药生物
确成股份,基础化工
帝尔激光,电力设备
安联锐视,计算机
世纪天鸿,传媒
申昊科技,电力设备
锐科激光,机械设备
华宝股份,基础化工
博汇股份,石油石化
金春股份,纺织服饰
爱美客,美容护理
中红医疗,医药生物
爱朋医疗,医药生物
蔚蓝生物,基础化工
时空科技,建筑装饰
东方环宇,公用事业
昂利康,医药生物
和顺石油,石油石化
新瀚新材,基础化工
兴瑞科技,汽车
康龙化成,医药生物
利通电子,电子
丰山集团,基础化工
宇晶股份,机械设备
运达股份,电力设备
指南针,计算机
广电计量,社会服务
青岛港,交通运输
捷安高科,计算机
西域旅游,社会服务
米奥会展,社会服务
泰恩康,医药生物
国联股份,商贸零售
中国人保,非银金融
新乳业,食品饮料
苏州龙杰,基础化工
德恩精工,机械设备
新城市,建筑装饰
上海瀚讯,国防军工
菲菱科思,通信
翔丰华,电力设备
博纳影业,传媒
博通集成,电子
肯特股份,基础化工
每日互动,计算机
浙商银行,银行
鹏鼎控股,电子
宁德时代,电力设备
唐源电气,计算机
长江材料,基础化工
新产业,医药生物
锦浪科技,电力设备
百邦科技,电子
北特科技,汽车
飞天诚信,计算机
东方通,计算机
全通教育,社会服务
天利科技,计算机
红旗连锁,商贸零售
秦港股份,交通运输
川仪股份,机械设备
富邦股份,基础化工
鼎捷软件,计算机
福莱特,电力设备
康弘药业,医药生物
节能国祯,环保
泰嘉股份,机械设备
众信旅游,社会服务
奥美医疗,医药生物
威尔药业,医药生物
石英股份,基础化工
可立克,电子
海南矿业,钢铁
永贵电器,机械设备
蒙草生态,建筑装饰
ST金一,纺织服饰
来伊份,食品饮料
艾华集团,电子
麦趣尔,食品饮料
福斯特,电力设备
ST浩源,公用事业
宁波精达,机械设备
普莱柯,农林牧渔
重庆燃气,公用事业
炬华科技,电力设备
我武生物,医药生物
捷昌驱动,机械设备
长沙银行,银行
七一二,国防军工
华如科技,国防军工
东瑞股份,农林牧渔
松炀资源,轻工制造
*ST金时,轻工制造
华阳国际,建筑装饰
厦门银行,银行
阿莱德,通信
朗进科技,机械设备
声迅股份,计算机
福达合金,有色金属
雄帝科技,计算机
赢时胜,计算机
长药控股,医药生物
道恩股份,基础化工
*ST威帝,汽车
禾丰股份,农林牧渔
ST易事特,电力设备
浩丰科技,计算机
安硕信息,计算机
博腾股份,医药生物
扬杰科技,电子
特一药业,医药生物
海洋王,家用电器
龙大美食,食品饮料
长白山,社会服务
康尼机电,机械设备
奥康国际,纺织服饰
文灿股份,汽车
思美传媒,传媒
天华新能,电力设备
新宝股份,家用电器
晶方科技,电子
恒华科技,计算机
ST汇金,计算机
迪瑞医疗,医药生物
汉宇集团,家用电器
会稽山,食品饮料
ST世龙,基础化工
雪浪环境,环保
英杰电气,电力设备
一拖股份,机械设备
德尔未来,轻工制造
申科股份,机械设备
三丰智能,机械设备
紫天科技,传媒
金逸影视,传媒
科隆股份,基础化工
美的集团,家用电器
今世缘,食品饮料
合锻智能,机械设备
航天工程,机械设备
春秋航空,交通运输
世嘉科技,通信
弘讯科技,机械设备
东方电缆,电力设备
ST百利,建筑装饰
安记食品,食品饮料
电光科技,机械设备
浙江建投,建筑装饰
坚朗五金,建筑材料
燕塘乳业,食品饮料
柳药集团,医药生物
海顺新材,轻工制造
中公高科,建筑装饰
清水源,环保
道氏技术,电力设备
迅游科技,传媒
伊之密,机械设备
领湃科技,基础化工
南华仪器,机械设备
山河药辅,医药生物
浙能电力,公用事业
华电重工,建筑装饰
雪峰科技,基础化工
全筑股份,建筑装饰
晨光股份,轻工制造
白银有色,有色金属
中建环能,环保
惠伦晶体,电子
莱绅通灵,纺织服饰
利群股份,商贸零售
新光药业,医药生物
中密控股,机械设备
天味食品,食品饮料
国泰集团,基础化工
灵康药业,医药生物
三角轮胎,汽车
金石资源,基础化工
家家悦,商贸零售
钧达股份,电力设备
景嘉微,国防军工
清源股份,电力设备
恩捷股份,电力设备
海利尔,基础化工
博世科,环保
新晨科技,计算机
新美星,机械设备
高澜股份,机械设备
沐邦高科,电力设备
恒通股份,石油石化
*ST红相,电力设备
润欣科技,电子
菲利华,国防军工
济民健康,医药生物
润达医疗,医药生物
兴齐眼药,医药生物
立中集团,汽车
再升科技,建筑材料
同为股份,计算机
润都股份,医药生物
江阴银行,银行
常熟银行,银行
贵阳银行,银行
杭州银行,银行
成都银行,银行
超讯通信,通信
赛微电子,电子
吉宏股份,商贸零售
益丰药房,医药生物
美芝股份,建筑装饰
火炬电子,国防军工
赛力斯,汽车
新宏泽,轻工制造
翔鹭钨业,有色金属
皖天然气,公用事业
*ST和科,机械设备
立霸股份,家用电器
万里石,建筑材料
唐德影视,传媒
蓝黛科技,电子
山东赫达,基础化工
金石亚药,医药生物
横河精密,基础化工
恒锋工具,机械设备
赛福天,机械设备
如通股份,机械设备
四通股份,轻工制造
德尔股份,汽车
纵横通信,通信
新宏泰,电力设备
先导智能,电力设备
新易盛,通信
航天智造,汽车
锦和商管,商贸零售
元祖股份,食品饮料
步长制药,医药生物
国信证券,非银金融
安井食品,食品饮料
浙商证券,非银金融
西点药业,医药生物
欣贺股份,纺织服饰
凯中精密,电力设备
ST花王,建筑装饰
安图生物,医药生物
歌力思,纺织服饰
三棵树,建筑材料
国晟科技,建筑装饰
美康生物,医药生物
嘉澳环保,基础化工
昊志机电,机械设备
新迅达,商贸零售
*ST名家,建筑装饰
冰川网络,传媒
三鑫医疗,医药生物
第一创业,非银金融
国检集团,社会服务
辰欣药业,医药生物
蓝晓科技,基础化工
赢合科技,电力设备
醋化股份,基础化工
博创科技,通信
创业慧康,计算机
筑博设计,建筑装饰
中光防雷,通信
华懋科技,汽车
兰石重装,机械设备
能科科技,计算机
武进不锈,钢铁
田中精机,机械设备
苏试试验,社会服务
四方精创,计算机
安车检测,社会服务
昇辉科技,电力设备
广信材料,电子
众兴菌业,农林牧渔
贝肯能源,石油石化
三维股份,基础化工
金海高科,家用电器
ST瑞科,国防军工
美联新材,基础化工
星网宇达,国防军工
电魂网络,传媒
湘油泵,汽车
伟明环保,环保
吉比特,传媒
天鹅股份,机械设备
振华股份,基础化工
飞鹿股份,基础化工
福鞍股份,环保
道森股份,机械设备
永艺股份,轻工制造
博敏电子,电子
万孚生物,医药生物
富祥药业,医药生物
华扬联众,传媒
韩建河山,建筑材料
中文在线,传媒
ST智知,计算机
广州酒家,食品饮料
梦百合,轻工制造
音飞储存,交通运输
千禾味业,食品饮料
康德莱,医药生物
中富通,通信
汇金科技,计算机
和仁科技,计算机
天孚通信,通信
信测标准,社会服务
丝路视觉,计算机
同益股份,基础化工
古鳌科技,计算机
天能重工,电力设备
久吾高科,环保
三德科技,机械设备
集智股份,机械设备
中船汉光,计算机
蜀道装备,机械设备
贝达药业,医药生物
先进数通,计算机
*ST通脉,通信
中国科传,传媒
浙江仙通,汽车
华正新材,电子
塞力医疗,医药生物
新华网,传媒
信捷电气,机械设备
徕木股份,电子
森特股份,建筑装饰
爱普股份,基础化工
迎驾贡酒,食品饮料
赛升药业,医药生物
国芳集团,商贸零售
博济医药,医药生物
哈森股份,纺织服饰
泰晶科技,电子
四方科技,机械设备
天龙股份,汽车
润泽科技,通信
萃华珠宝,纺织服饰
久远银海,计算机
幸福蓝海,传媒
路畅科技,汽车
星光农机,机械设备
金盾股份,机械设备
*ST农尚,建筑装饰
川金诺,基础化工
广生堂,医药生物
国泰君安,非银金融
曲美家居,轻工制造
新华文轩,传媒
ST东时,社会服务
思维列控,计算机
科大国创,计算机
亚翔集成,建筑装饰
新通联,轻工制造
上海沪工,机械设备
桂发祥,食品饮料
天成自控,汽车
松发股份,轻工制造
真视通,计算机
中坚科技,机械设备
德宏股份,汽车
东方证券,非银金融
东兴证券,非银金融
莱克电气,家用电器
宁波高发,汽车
ST柯利达,建筑装饰
拓普集团,汽车
中国电影,传媒
华铁应急,非银金融
引力传媒,传媒
鲍斯股份,机械设备
雪榕生物,农林牧渔
恒实科技,通信
浩云科技,计算机
达威股份,基础化工
陇神戎发,医药生物
佳发教育,计算机
共进股份,通信
罗欣药业,医药生物
华锋股份,汽车
华源控股,轻工制造
ST中装,建筑装饰
永创智能,机械设备
金桥信息,计算机
盛洋科技,电子
珍宝岛,医药生物
*ST天创,纺织服饰
安孚科技,电力设备
司太立,医药生物
读者传媒,传媒
广西广电,传媒
海波重科,建筑装饰
新澳股份,纺织服饰
天顺股份,交通运输
中来股份,电力设备
万达电影,传媒
力星股份,机械设备
鹏辉能源,电力设备
诚益通,机械设备
香农芯创,电子
海汽集团,交通运输
腾龙股份,汽车
微光股份,电力设备
万林物流,交通运输
金诚信,有色金属
胜宏科技,电子
中船应急,国防军工
维力医疗,医药生物
继峰股份,汽车
上海电影,传媒
帝欧家居,轻工制造
洪汇新材,基础化工
亚振家居,轻工制造
中泰股份,公用事业
诺力股份,机械设备
朗迪集团,家用电器
迪贝电气,电力设备
亚普股份,汽车
创力集团,机械设备
建艺集团,建筑装饰
郑中设计,建筑装饰
网达软件,计算机
凯莱英,医药生物
红墙股份,基础化工
山东华鹏,轻工制造
城地香江,计算机
三祥新材,基础化工
南威软件,计算机
鹭燕医药,医药生物
杭电股份,电力设备
兆易创新,电子
高能环境,环保
凤形股份,机械设备
东方中科,机械设备
中科创达,计算机
ST路通,通信
川环科技,汽车
世名科技,基础化工
蓝海华腾,机械设备
富临精工,电力设备
比音勒芬,纺织服饰
黄山胶囊,医药生物
迈克生物,医药生物
辰安科技,计算机
ST三圣,医药生物
航天智装,计算机
维宏股份,计算机
迦南科技,机械设备
启迪设计,建筑装饰
瑞尔特,轻工制造
永东股份,基础化工
华友钴业,有色金属
水发燃气,公用事业
汉邦高科,计算机
金雷股份,电力设备
飞凯材料,电子
通合科技,电力设备
国恩股份,基础化工
红蜻蜓,纺织服饰
桃李面包,食品饮料
银宝山新,机械设备
岱美股份,汽车
江苏有线,传媒
三联虹普,建筑装饰
亚邦股份,基础化工
顶点软件,计算机
九强生物,医药生物
正平股份,建筑装饰
利安隆,基础化工
万盛股份,基础化工
中电电机,电力设备
爱司凯,机械设备
数字认证,计算机
三夫户外,纺织服饰
光华科技,电子
中衡设计,建筑装饰
康普顿,石油石化
中铁装配,建筑材料
昆仑万维,传媒
万集科技,计算机
强力新材,电子
运达科技,计算机
凯发电气,电力设备
健帆生物,医药生物
好利科技,电子
威龙股份,食品饮料
雄韬股份,电力设备
埃斯顿,机械设备
方盛制药,医药生物
蓝思科技,电子
华铭智能,计算机
中亚股份,机械设备
鹏鹞环保,环保
南兴股份,机械设备
华安证券,非银金融
奥赛康,医药生物
赛摩智能,机械设备
信息发展,计算机
海天精工,机械设备
中新集团,房地产
神力股份,电力设备
苏盐井神,基础化工
石大胜华,电力设备
纳尔股份,基础化工
博思软件,计算机
联得装备,电子
朗科智能,家用电器
优博讯,计算机
太辰光,通信
五洲新春,机械设备
苏州科达,计算机
好莱客,轻工制造
雷赛智能,机械设备
永和智控,机械设备
海利生物,农林牧渔
南方传媒,传媒
先锋电子,机械设备
富森美,商贸零售
汇嘉时代,商贸零售
多伦科技,计算机
老百姓,医药生物
王子新材,轻工制造
吉祥航空,交通运输
文科股份,建筑装饰
索菱股份,汽车
汇洁股份,纺织服饰
宝钢包装,轻工制造
飞科电器,家用电器
鼎信通讯,通信
欧普照明,家用电器
金徽酒,食品饮料
金发拉比,纺织服饰
海兴电力,电力设备
通用股份,汽车
顾家家居,轻工制造
长久物流,交通运输
光力科技,机械设备
斯迪克,基础化工
东杰智能,机械设备
华自科技,电力设备
盛天网络,传媒
光智科技,电子
杭州高新,基础化工
厚普股份,机械设备
新元科技,机械设备
索通发展,基础化工
重庆建工,建筑装饰
宏盛股份,机械设备
汇顶科技,电子
中国核电,公用事业
西部黄金,有色金属
国光股份,基础化工
陕西黑猫,煤炭
*ST龙津,医药生物
葵花药业,医药生物
大豪科技,机械设备
华图山鼎,建筑装饰
神思电子,计算机
*ST美尚,建筑装饰
星徽股份,商贸零售
航新科技,国防军工
建发合诚,建筑装饰
高伟达,计算机
天邑股份,通信
捷捷微电,电子
华统股份,食品饮料
中国银河,非银金融
欧派家居,轻工制造
英维克,机械设备
智动力,电子
万兴科技,计算机
弘亚数控,机械设备
弘信电子,电子
三晖电气,电力设备
中旗股份,基础化工
激智科技,电子
精测电子,机械设备
ST元成,建筑装饰
高斯贝尔,家用电器
视源股份,电子
镇海股份,建筑装饰
太平鸟,纺织服饰
兴业股份,基础化工
日月股份,电力设备
麦迪科技,计算机
汇金通,电力设备
杭叉集团,机械设备
天马科技,农林牧渔
法兰泰克,机械设备
天铁股份,基础化工
理工光科,机械设备
英飞特,电子
乐心医疗,医药生物
科信技术,通信
苏利股份,基础化工
裕同科技,轻工制造
绝味食品,食品饮料
同兴达,电子
正业科技,电力设备
浙江鼎力,机械设备
玲珑轮胎,汽车
华设集团,建筑装饰
和胜股份,有色金属
丸美股份,美容护理
快克智能,机械设备
宏辉果蔬,农林牧渔
常熟汽饰,汽车
博迈科,石油石化
全志科技,电子
芒果超媒,传媒
濮阳惠成,电子
中科曙光,计算机
联泰环保,环保
神宇股份,通信
优德精密,机械设备
三环集团,电子
无锡银行,银行
上海银行,银行
苏农银行,银行
江苏银行,银行
中国核建,建筑装饰
金冠股份,电力设备
全信股份,国防军工
五洋自控,机械设备
久之洋,电子
至纯科技,电子
浙农股份,综合
天际股份,电力设备
上海亚虹,机械设备
口子窖,食品饮料
长城军工,国防军工
海峡环保,环保
中科信息,计算机
杰克股份,机械设备
数据港,通信
科森科技,电子
科达利,电力设备
瀛通通讯,电子
金太阳,机械设备
金银河,电力设备
建行优1,
正裕工业,汽车
申万宏源,非银金融
英联股份,轻工制造
盐津铺子,食品饮料
华凯易佰,商贸零售
农行优2,
星源材质,电力设备
诺邦股份,美容护理
百合花,基础化工
美诺华,医药生物
华钰矿业,有色金属
捷荣技术,电子
景旺电子,电子
欣天科技,通信
艾迪精密,机械设备
荣泰健康,家用电器
江山欧派,轻工制造
德新科技,电力设备
牧高笛,纺织服饰
吉大通信,通信
康隆达,纺织服饰
川网传媒,传媒
晨曦航空,国防军工
容大感光,电子
中石科技,电子
荣晟环保,轻工制造
安正时尚,纺织服饰
百傲化学,基础化工
日丰股份,电力设备
朗新集团,计算机
泛微网络,计算机
凯众股份,汽车
诚意药业,医药生物
中原证券,非银金融
农行优1,
民生优1,
光大优1,
宁行优01,
工行优1,
平银优01,
兴业优1,
浦发优1,
奇精机械,家用电器
力盛体育,社会服务
德创环保,环保
广州港,交通运输
贝斯特,汽车
华达科技,汽车
华立股份,建筑材料
新坐标,汽车
会畅通讯,通信
平治信息,通信
诚迈科技,计算机
周大生,纺织服饰
北银优1,
中持股份,环保
至正股份,基础化工
常青股份,汽车
超频三,电子
大宏立,机械设备
龙蟠科技,电力设备
金牌家居,轻工制造
美思德,基础化工
惠发食品,食品饮料
海量数据,计算机
克来机电,机械设备
寿仙谷,医药生物
中孚信息,计算机
快意电梯,机械设备
壶化股份,基础化工
江化微,电子
金辰股份,电力设备
瑞达期货,非银金融
圣元环保,环保
力合科技,环保
新日股份,汽车
新泉股份,汽车
苏垦农发,农林牧渔
世运电路,电子
新雷能,电力设备
开润股份,纺织服饰
泰禾智能,机械设备
皮阿诺,轻工制造
亚士创能,建筑材料
天洋新材,基础化工
茶花股份,轻工制造
中信优1,
浦发优2,
安靠智电,电力设备
威星智能,机械设备
贵广网络,传媒
新天然气,公用事业
拉芳家化,美容护理
大千生态,建筑装饰
惠达卫浴,轻工制造
安奈儿,纺织服饰
圣龙股份,汽车
交行优1,
杰美特,电子
曼卡龙,纺织服饰
康惠制药,医药生物
华西证券,非银金融
德邦股份,交通运输
建科院,建筑装饰
广和通,通信
飞荣达,电子
普联软件,计算机
欧普康视,医药生物
思进智能,机械设备
海辰药业,医药生物
雄塑科技,建筑材料
迪生力,汽车
恒锋信息,计算机
万里马,纺织服饰
凯普生物,医药生物
思特奇,计算机
秦安股份,汽车
科林电气,电力设备
华阳集团,汽车
建工修复,环保
诚邦股份,建筑装饰
金埔园林,建筑装饰
兴业优2,
正元智慧,计算机
晨化股份,基础化工
金马游乐,机械设备
元隆雅图,传媒
海能实业,电子
新劲刚,国防军工
赛托生物,医药生物
金龙羽,电力设备
绿康生化,农林牧渔
今创集团,机械设备
格尔软件,计算机
立方制药,医药生物
海鸥股份,机械设备
奥翔药业,医药生物
坤彩科技,基础化工
金能科技,基础化工
洁美科技,电子
永吉股份,轻工制造
华荣股份,机械设备
新经典,传媒
瑞斯康达,通信
实丰文化,轻工制造
康泰生物,医药生物
铭普光磁,通信
奥联电子,汽车
铁流股份,汽车
星帅尔,家用电器
韦尔股份,电子
上海洗霸,环保
宣亚国际,传媒
金麒麟,汽车
昭衍新药,医药生物
香山股份,汽车
江龙船艇,国防军工
百达精工,机械设备
东宏股份,建筑材料
展鹏科技,机械设备
华体科技,电子
祥鑫科技,汽车
宝地矿业,钢铁
永安行,汽车
恒为科技,计算机
伟隆股份,机械设备
鸣志电器,电力设备
金溢科技,计算机
熙菱信息,计算机
移为通信,通信
富瀚微,电子
寒锐钴业,有色金属
尚品宅配,轻工制造
三利谱,电子
ST天圣,医药生物
天域生态,建筑装饰
ST永悦,基础化工
大丰实业,机械设备
今飞凯达,汽车
中广天择,传媒
南银优1,
宇邦新材,电力设备
京华激光,轻工制造
瑞丰银行,银行
中简科技,国防军工
上能电气,电力设备
青农商行,银行
爱柯迪,汽车
金隅集团,建筑材料
惠城环保,环保
海容冷链,机械设备
华绿生物,农林牧渔
西麦食品,食品饮料
德赛西威,计算机
美凯龙,商贸零售
金房能源,公用事业
丽岛新材,有色金属
泉为科技,基础化工
东鹏控股,轻工制造
通业科技,机械设备
锐新科技,机械设备
锦鸡股份,基础化工
神马电力,电力设备
交大思诺,机械设备
建科智能,机械设备
宏川智慧,交通运输
北鼎股份,家用电器
凯龙高科,汽车
新化股份,基础化工
中科软,计算机
移远通信,通信
弘业期货,非银金融
赛伍技术,电力设备
新诺威,医药生物
大胜达,轻工制造
科瑞技术,机械设备
泰林生物,机械设备
润建股份,通信
雪天盐业,基础化工
赛腾股份,机械设备
湘佳股份,农林牧渔
泉峰汽车,汽车
宝丰能源,基础化工
科博达,汽车
福蓉科技,电子
通灵股份,电力设备
海星股份,有色金属
威派格,机械设备
明德生物,医药生物
山东黄金,有色金属
卓胜微,电子
工业富联,电子
明阳智能,电力设备
东方支付集团控股,非银金融
济丰包装,轻工制造
立桥证券控股,非银金融
中环新能源,建筑装饰
亚洲实业集团,机械设备
新享时代,商贸零售
名仕快相,传媒
REPUBLIC HC,医药生物
PACIFIC LEGEND,商贸零售
ISP GLOBAL,通信
宝发控股,机械设备
洲际航天科技,电子
冠轈控股,汽车
易站绿色科技,食品饮料
宾仕国际,纺织服饰
华新手袋国际控股,纺织服饰
希玛医疗,医药生物
MOS HOUSE,房地产
兴纺控股,纺织服饰
恒宇集团,公用事业
平安好医生,医药生物
江苏创新,环保
金猫银猫,有色金属
槟杰科达,电子
常满控股,食品饮料
博奇环保,环保
光丽科技,电子
FAST RETAIL-DRS,商贸零售
赣锋锂业,有色金属
龙升集团控股,房地产
齐鲁高速,交通运输
齐家控股,房地产
希教国际控股,社会服务
MINDTELL TECH,计算机
高奥士国际,建筑材料
晋安实业,农林牧渔
荧德控股,食品饮料
毛记葵涌,食品饮料
映宇宙,传媒
TOPSTANDARDCORP,轻工制造
51信用卡,非银金融
汇聚科技,计算机
甘肃银行,银行
乙德投资控股,非银金融
龙皇集团,房地产
源想集团,计算机
MS CONCEPT,电子
尝高美集团,食品饮料
中国春来,社会服务
环球印馆,传媒
江西银行,银行
倩碧控股,美容护理
立基工程控股,建筑装饰
上海实业环境,环保
康特隆,电子
中国职业教育,社会服务
通达宏泰,交通运输
中国通商集团,商贸零售
钜京控股,机械设备
天长集团,有色金属
威扬酒业控股,食品饮料
域高国际控股,商贸零售
欧化,基础化工
弥明生活百货,商贸零售
英恒科技,电子
懒猪科技,计算机
永续农业,农林牧渔
加和国际控股,非银金融
日光控股,家用电器
正荣地产,房地产
电讯首科,通信
富汇国际集团控股,轻工制造
新意网集团,计算机
FSM HOLDINGS,机械设备
天立国际控股,社会服务
鹰普精密,机械设备
雅生活服务,房地产
康希诺生物,医药生物
亚洲速运,交通运输
新兴装备,国防军工
BENG SOON MACH,机械设备
第七大道,计算机
优品360,商贸零售
成都高速,交通运输
良品铺子,食品饮料
华亚智能,电子
康泰医学,医药生物
南侨食品,食品饮料
新大正,房地产
聚杰微纤,纺织服饰
伟工控股,机械设备
卓越教育集团,社会服务
长源东谷,汽车
佳兆业美好,房地产
华兴资本控股,非银金融
友联国际教育租赁,社会服务
鸿合科技,电子
重庆银行,银行
甬金股份,钢铁
宝燵控股,汽车
歌礼制药,医药生物
衍汇亚洲,非银金融
麒盛科技,轻工制造
其利工业集团,机械设备
中国科培,社会服务
傲迪玛汽车,汽车
同道猎聘,社会服务
东方甄选,社会服务
舒华体育,轻工制造
广骏集团控股,机械设备
恒伟集团控股,机械设备
精技集团,电子
维信金科,非银金融
荣丰集团亚洲,汽车
澳能建设,房地产
民信国际控股,非银金融
元力控股,国防军工
METROPOLIS CAP,非银金融
福森药业,医药生物
中国新华教育,银行
君百延集团,计算机
碧桂园服务,房地产
辰林教育,银行
齐屹科技,计算机
嘉宏教育,银行
中国船舶租赁,非银金融
易居企业控股,房地产
大发地产,房地产
中国铁塔,通信
达力环保,环保
润利海事,交通运输
锋尚文化,社会服务
佳禾智能,电子
中国广核,公用事业
豪尔赛,建筑装饰
成都燃气,公用事业
钢研纳克,社会服务
侨银股份,环保
恒益控股,非银金融
贝斯美,基础化工
景联集团,非银金融
连成科技集团,计算机
嘉艺控股,纺织服饰
小米集团,电子
壹网壹创,商贸零售
森麒麟,汽车
测绘股份,建筑装饰
同仁堂国药,医药生物
美团,社会服务
维港环保科技,环保
指尖悦动,社会服务
创辉珠宝,轻工制造
兴业优3,
九江银行,银行
亮晴控股,家用电器
耀高控股,汽车
生兴控股,交通运输
澳狮环球,建筑材料
交建股份,建筑装饰
植华集团,农林牧渔
久泰邦达能源,煤炭
秀商时代控股,商贸零售
TS WONDERS,计算机
JBB BUILDERS,建筑装饰
弘阳地产,房地产
万顺集团控股,公用事业
浦林成山,房地产
百洋医药,医药生物
松霖科技,轻工制造
蓝天燃气,公用事业
久量股份,电子
日赢控股,通信
海底捞,社会服务
八方股份,电力设备
天瑞汽车内饰,汽车
设计都会,建筑装饰
嘉美包装,轻工制造
爱玛科技,汽车
信义能源,公用事业
汇量科技,传媒
LEGION CONSO,计算机
荣尊国际控股,非银金融
维亚生物,医药生物
银杏教育,社会服务
同程旅行,社会服务
信源企业集团,商贸零售
濠江机电,机械设备
维力生活科技,家用电器
新城悦服务,房地产
康利国际控股,医药生物
华滋国际海洋,农林牧渔
东京中央拍卖,传媒
创梦天地,传媒
百济神州,医药生物
裕程物流,交通运输
旅橙文化,传媒
创升控股,计算机
万咖壹联,通信
方达控股,医药生物
途屹控股,商贸零售
瑞威资管,非银金融
宝宝树集团,传媒
信达生物,医药生物
宇瞳光学,计算机
小熊电器,家用电器
伟鸿集团控股,机械设备
君实生物,医药生物
微盟集团,传媒
中国光大水务,公用事业
华领医药,医药生物
华盛昌,电力设备
美亨实业,基础化工
建业股份,基础化工
慕尚集团控股,纺织服饰
泸州银行,银行
兴合控股,轻工制造
美的置业,房地产
华辰装备,机械设备
银城国际控股,房地产
中行优3,
和远气体,基础化工
密封科技,汽车
纳尼亚集团,轻工制造
永升服务,房地产
鲁大师,计算机
坤集团,轻工制造
科拓生物,基础化工
保宝龙科技,电子
银涛控股,非银金融
国际商业数字技术,计算机
海天地悦旅,社会服务
迈博药业,医药生物
中国育儿网络,社会服务
工行优2,
中国旭阳集团,煤炭
兖煤澳大利亚,煤炭
易天股份,电子
上海沿浦,汽车
猫屎咖啡控股,食品饮料
誉燊丰控股,非银金融
滨江服务,社会服务
天齐锂业,有色金属
亚盛医药,医药生物
亚信科技,计算机
家乡互动,计算机
绿新亲水胶体,医药生物
彼岸控股,非银金融
豆盟科技,电子
K2 F&B,食品饮料
光荣控股,建筑装饰
中梁控股,房地产
品渥食品,食品饮料
东岳硅材,基础化工
博尼控股,美容护理
比特元宇宙,传媒
金现代,计算机
卓航控股,交通运输
赏之味,食品饮料
斯达半导,电子
禅游科技,计算机
新天绿能,公用事业
基石药业,医药生物
嘉涛(香港)控股,纺织服饰
快餐帝国,食品饮料
天箭科技,国防军工
阿尔特,汽车
羚邦集团,纺织服饰
玉禾田,环保
九丰能源,公用事业
公牛集团,轻工制造
科安达,机械设备
蒙草优01,
中手游,传媒
猫眼娱乐,商贸零售
翰森制药,医药生物
熊猫乳品,食品饮料
德信中国,房地产
药明康德,医药生物
兑吧,计算机
星悦康旅,社会服务
复星旅游文化,社会服务
GHW INTL,基础化工
优越集团控股,轻工制造
太兴集团,食品饮料
申万宏源,非银金融
浙江力诺,机械设备
浦江国际,轻工制造
招商南油,交通运输
CTR HOLDINGS,计算机
温岭工量刃具,机械设备
中油洁能控股,石油石化
思考乐教育,社会服务
中国东方教育,社会服务
S&T HLDGS,电子
远大住工,房地产
三峰环境,环保
帝科股份,电力设备
凯迪股份,机械设备
粤海饲料,农林牧渔
佰奥智能,机械设备
华峰铝业,有色金属
沪光股份,汽车
瑞玛精密,汽车
晶科科技,公用事业
芯瑞达,电子
康华生物,医药生物
爱丽家居,轻工制造
安德利,农林牧渔
浩洋股份,机械设备
酷特智能,纺织服饰
派瑞股份,电子
北摩高科,国防军工
贵州三力,医药生物
新洁能,电子
立昂微,电子
建桥教育,社会服务
长银优1,
复宏汉霖,医药生物
五谷磨房,食品饮料
万城控股,房地产
中国外运,交通运输
万宝盛华,计算机
铁汉优01,
华安鑫创,汽车
美畅股份,机械设备
罗曼股份,建筑装饰
中银证券,非银金融
博杰股份,机械设备
兴证国际,非银金融
中烟香港,商贸零售
容百科技,电力设备
江苏北人,机械设备
天奈科技,电力设备
利元亨,电力设备
恒铭达,电子
优刻得,计算机
澜起科技,电子
聚辰股份,电子
蚬壳电业,电力设备
飞扬集团,交通运输
恒发光学,电子
PLATT NERA,电子
盈汇企业控股,非银金融
辉煌明天,电子
柏楚电子,计算机
C-LINK SQ,通信
豪美新材,有色金属
沃尔德,机械设备
威奥股份,机械设备
甘源食品,食品饮料
国光连锁,商贸零售
开普检测,社会服务
昊海生科,医药生物
久日新材,基础化工
蓝盾光电,机械设备
长阳科技,电子
三达膜,环保
浩欧博,医药生物
致远互联,计算机
神工股份,电子
利华控股集团,房地产
云南建投混凝土,建筑材料
心脉医疗,医药生物
泰坦科技,基础化工
清晰医疗,医药生物
泰林科建,建筑装饰
和泓服务,社会服务
威胜信息,通信
热景生物,医药生物
瀚川智能,机械设备
华熙生物,美容护理
博瑞医药,医药生物
贝仕达克,电子
宝兰德,计算机
杭可科技,电力设备
杰普特,机械设备
凌志软件,计算机
万德斯,环保
方邦股份,电子
美迪西,医药生物
南微医学,医药生物
联瑞新材,基础化工
SPROCOMM INTEL,电子
丽年国际,美容护理
信基沙溪,建筑材料
RAFFLESINTERIOR,建筑装饰
瀛海集团,汽车
卓珈控股,轻工制造
TBKS HLDGS,石油石化
WMCH GLOBAL,非银金融
海天瑞声,计算机
石头科技,家用电器
卓易信息,计算机
广大特材,钢铁
博众精工,机械设备
中国通号,机械设备
普门科技,医药生物
晶丰明源,电子
申联生物,农林牧渔
HYPEBEAST,传媒
海尔生物,医药生物
龙软科技,计算机
乐鑫科技,电子
华丰股份,机械设备
锦欣生殖,医药生物
汇景控股,房地产
恒新丰控股,基础化工
德视佳,医药生物
海纳智能,机械设备
映翰通,通信
登辉控股,汽车
三和精化,基础化工
春城热力,公用事业
嘉元科技,电力设备
金达莱,环保
硕世生物,医药生物
传音控股,电子
安集科技,电子
中微公司,电子
赛诺医疗,医药生物
交控科技,机械设备
益美国际控股,纺织服饰
伊登软件,计算机
金茂源环保,环保
新娱科控股,传媒
九号公司,汽车
华特气体,电子
航天宏图,计算机
天宜上佳,机械设备
LFG投资控股,非银金融
西部超导,国防军工
佰仁医疗,医药生物
微芯生物,医药生物
特宝生物,医药生物
福光股份,电子
鸿盛昌资源,有色金属
奥海科技,电子
京北方,计算机
新光光电,国防军工
中科星图,计算机
当虹科技,计算机
中国鹏飞集团,机械设备
长鸿高科,基础化工
首都在线,计算机
中谷物流,交通运输
宇新股份,石油石化
越剑智能,机械设备
睿创微纳,国防军工
晶晨股份,电子
科前生物,农林牧渔
中汇集团,非银金融
日照港裕廊,交通运输
利特米,纺织服饰
高升集团控股,汽车
虹软科技,计算机
国盾量子,通信
鸿泉物联,计算机
华兴源创,机械设备
华检医疗,医药生物
汇森股份,家用电器
晋商银行,银行
勋龙,汽车
世纪联合控股,社会服务
中国万天控股,机械设备
信恳智能,计算机
瑞和数智,计算机
光峰科技,电子
友谊时光,食品饮料
铂力特,机械设备
安博通,计算机
苑东生物,医药生物
捷隆控股,轻工制造
达力普控股,机械设备
ESR,房地产
多牛科技,计算机
安恒信息,计算机
隽思集团,社会服务
山石网科,计算机
胜蓝股份,电子
特发服务,房地产
必得科技,机械设备
宝丽迪,基础化工
华峰测控,电子
博俊科技,汽车
无锡振华,汽车
联泓新科,电力设备
海晨股份,交通运输
葫芦娃,医药生物
森林包装,轻工制造
华旺科技,轻工制造
协昌科技,机械设备
伟时电子,电子
欧陆通,电力设备
中胤时尚,纺织服饰
海天股份,环保
易瑞生物,医药生物
三友联众,电力设备
友发集团,钢铁
建龙微纳,基础化工
四会富仕,电子
安克创新,电子
泽璟制药,医药生物
瑞诚中国传媒,传媒
松原股份,汽车
一鸣食品,食品饮料
李子园,食品饮料
协创数据,电子
均瑶健康,食品饮料
天正电气,电力设备
盛德鑫泰,钢铁
卓越新能,基础化工
前沿生物,医药生物
复旦张江,医药生物
图南股份,有色金属
优彩资源,基础化工
南大环境,环保
迈赫股份,机械设备
天普股份,汽车
劲仔食品,食品饮料
恒辉安防,纺织服饰
景业名邦集团,房地产
新威工程集团,建筑装饰
力鼎光电,计算机
传智教育,社会服务
爱克股份,电子
豪悦护理,美容护理
君逸数码,计算机
捷强装备,国防军工
天成控股,房地产
惠云钛业,基础化工
鑫苑服务,社会服务
心动公司,传媒
瑛泰医疗,医药生物
药易购,医药生物
标准发展集团,建筑材料
同兴环保,环保
卡倍亿,汽车
天准科技,机械设备
康宁杰瑞制药,医药生物
博迁新材,有色金属
中国黄金,纺织服饰
和顺科技,基础化工
巴比食品,食品饮料
久久王,食品饮料
中国天保集团,煤炭
神通科技,汽车
金科环境,环保
科净源,环保
有方科技,通信
迈得医疗,机械设备
佳华科技,计算机
赛伦生物,医药生物
百威亚太,食品饮料
信濠光电,电子
海象新材,轻工制造
北元集团,基础化工
蒙泰高新,基础化工
JS环球生活,家用电器
滔搏,商贸零售
中天火箭,国防军工
科利实业控股,轻工制造
满贯集团,轻工制造
正和生态,环保
新亚强,基础化工
吉大正元,计算机
协和电子,电子
百川畅银,环保
读客文化,传媒
大洋生物,基础化工
邮储银行,银行
日久光电,电子
合兴股份,汽车
研奥股份,机械设备
迈拓股份,机械设备
西大门,轻工制造
八亿时空,电子
宏柏新材,基础化工
拱东医疗,医药生物
派克新材,国防军工
宸展光电,电子
仁信新材,基础化工
晨光新材,基础化工
众望布艺,纺织服饰
地铁设计,建筑装饰
齐鲁银行,银行
盛视科技,计算机
祥生医疗,医药生物
亿华通,电力设备
秋田微,电子
嵘泰股份,汽车
安乐工程,建筑装饰
立航科技,国防军工
大地海洋,环保
天阳科技,计算机
澳达控股,房地产
华润微,电子
长华集团,汽车
明新旭腾,汽车
日月明,机械设备
迈科管业,建筑材料
易和国际控股,非银金融
德林海,环保
火岩控股,传媒
福然德,交通运输
聚合顺,基础化工
新强联,电力设备
德迈仕,汽车
尚晋国际控股,商贸零售
宝龙商业,房地产
秦川物联,机械设备
中际联合,机械设备
开普云,计算机
东曜药业,医药生物
科思股份,美容护理
同力日升,机械设备
中岩大地,建筑装饰
东航物流,交通运输
车市科技,汽车
鹰辉物流,交通运输
永茂泰,有色金属
新石文化,传媒
CHINANEWENERGY,石油石化
光云科技,计算机
永泰生物,医药生物
招商公路,交通运输
得邦照明,家用电器
张家港行,银行
振东制药,医药生物
利源股份,有色金属
江特电机,电力设备
新华联,房地产
沃顿科技,基础化工
盈峰环境,环保
冠农股份,农林牧渔
鲁银投资,综合
爱乐达,国防军工
中国宏光,银行
富石金融,非银金融
国科微,电子
沪硅产业,电子
华和控股,非银金融
华生科技,纺织服饰
东箭科技,汽车
起帆电缆,电力设备
文业集团,建筑装饰
北控城市资源,建筑装饰
沪农商行,银行
海昌新材,机械设备
兆威机电,电力设备
英诺激光,机械设备
东方生物,医药生物
奥福环保,汽车
泰和小贷,银行
保利物业,房地产
成都先导,医药生物
道通科技,计算机
山大地纬,计算机
联赢激光,机械设备
德马科技,机械设备
禾信仪器,机械设备
晶雪节能,建筑材料
中国抗体,医药生物
洁特生物,医药生物
普元信息,计算机
HYGIEIA GROUP,美容护理
新中港,公用事业
倍杰特,环保
烨星集团,轻工制造
奥锐特,医药生物
法狮龙,建筑材料
环联连讯,通信
台州水务,公用事业
王力安防,轻工制造
青鸟消防,机械设备
万胜智能,电力设备
汇创达,电子
帅丰电器,家用电器
广联航空,国防军工
太和水,环保
振邦智能,家用电器
中行优4,
慧辰股份,计算机
奥特维,电力设备
天智航,医药生物
新炬网络,计算机
洪通燃气,公用事业
迦南智能,电力设备
兴图新科,国防军工
瑞松科技,机械设备
九毛九,社会服务
君亭酒店,社会服务
共创草坪,轻工制造
财富趋势,计算机
旷世芳香,计算机
百奥泰,医药生物
中瑞股份,电力设备
格林达,电子
华通线缆,电力设备
野马电池,电力设备
杭州热电,公用事业
东软教育,计算机
帝王实业控股,建筑材料
佳辰控股,商贸零售
康龙化成,医药生物
金山办公,计算机
煜盛文化,传媒
天合光能,电力设备
启明医疗,医药生物
象兴国际,非银金融
常达控股,轻工制造
贵州银行,银行
吉贝尔,医药生物
长龄液压,机械设备
人瑞人才,社会服务
清溢光电,电子
瑞丰新材,基础化工
元利科技,基础化工
先达股份,基础化工
汤姆猫,传媒
健盛集团,纺织服饰
惠威科技,电子
英利汽车,汽车
大叶股份,机械设备
祖名股份,农林牧渔
三人行,传媒
回盛生物,农林牧渔
五洲特纸,轻工制造
中辰股份,电力设备
创识科技,计算机
苏文电能,建筑装饰
澳弘电子,电子
建中建设,建筑装饰
康平科技,电力设备
亚香股份,基础化工
天秦装备,国防军工
百合股份,食品饮料
东亚药业,医药生物
江天化学,基础化工
捷芯隆,电子
路德环境,环保
恒誉环保,环保
天任集团,机械设备
大唐集团控股,石油石化
阿里巴巴,商贸零售
中关村科技租赁,非银金融
三巽集团,房地产
超智能控股,计算机
诺诚健华,医药生物
环球友饮智能,食品饮料
嘉必优,基础化工
深圳瑞捷,建筑装饰
RIMBACO,汽车
孚能科技,电力设备
中国万桐园,农林牧渔
税友股份,计算机
龙高股份,基础化工
江航装备,国防军工
喜相逢集团,社会服务
神州细胞,医药生物
开拓药业,医药生物
CGII HLDGS,公用事业
港龙中国地产,房地产
博睿数据,计算机
建业新生活,房地产
迪威尔,机械设备
美能能源,公用事业
志特新材,建筑装饰
盛剑科技,环保
德才股份,建筑装饰
联德股份,机械设备
金富科技,轻工制造
德业股份,电力设备
屹通新材,有色金属
健麾信息,机械设备
华翔股份,家用电器
中晶科技,电子
芯原股份,电子
直真科技,计算机
迎丰股份,纺织服饰
通用电梯,机械设备
竞业达,计算机
四方新材,建筑材料
华康股份,基础化工
彩虹集团,家用电器
埃夫特,机械设备
三友医疗,医药生物
赤子城科技,计算机
瑞森生活服务,社会服务
芯源微,电子
天泓文创,传媒
南新制药,医药生物
博汇科技,计算机
宏光半导体,电子
HOME CONTROL,计算机
大人国际,轻工制造
兴业物联,计算机
驴迹科技,通信
赛特新材,基础化工
虎视传媒,传媒
南极光,电子
力天影业,传媒
沧港铁路,交通运输
中瓷电子,通信
CMON,美容护理
万马控股,商贸零售
安领国际,计算机
智中国际,通信
凯赛生物,基础化工
移卡,计算机
乐氏国际控股,轻工制造
亚东集团,纺织服饰
盛业,非银金融
电声股份,传媒
矩子科技,机械设备
伟思医疗,医药生物
冠中生态,建筑装饰
朗特智能,电子
三和管桩,建筑材料
云涌科技,计算机
国盛智科,机械设备
狄耐克,计算机
智勤控股,计算机
天能股份,电力设备
莱伯泰科,机械设备
燕麦科技,机械设备
环龙控股,环保
皖仪科技,环保
芯朋微,电子
艾迪药业,医药生物
渝农商行,银行
震有科技,通信
兆龙互连,通信
奇士达,电子
大地熊,有色金属
味知香,食品饮料
中国电研,机械设备
键凯科技,医药生物
敏芯股份,电子
德益控股,家用电器
浙海德曼,机械设备
宁波方正,汽车
世茂能源,公用事业
盟升电子,国防军工
京沪高铁,交通运输
爱博医疗,医药生物
力合微,电子
科翔股份,电子
思摩尔国际,电子
松井股份,基础化工
金博股份,电力设备
佳禾食品,食品饮料
康方生物,医药生物
财达证券,非银金融
德固特,机械设备
庄臣控股,商贸零售
铁科轨道,机械设备
南山智尚,纺织服饰
亿田智能,家用电器
顺控发展,环保
三生国健,医药生物
嘉兴燃气,公用事业
百龙创园,基础化工
润阳科技,基础化工
法本信息,计算机
森赫股份,机械设备
力诺特玻,轻工制造
家联科技,轻工制造
深水规院,建筑装饰
奕瑞科技,医药生物
艾隆科技,机械设备
和林微纳,电子
中控技术,机械设备
四方光电,机械设备
冰山冷热,机械设备
科威尔,电力设备
东威科技,机械设备
美皓集团,医药生物
普冉股份,电子
佳源服务,社会服务
东莞农商银行,银行
民爆光电,家用电器
豪森智能,机械设备
艾力斯,医药生物
万辰集团,食品饮料
信安世纪,计算机
京东集团,商贸零售
科美诊断,医药生物
呈和科技,基础化工
超捷股份,汽车
华恒生物,基础化工
万祥科技,电子
深城交,建筑装饰
上声电子,汽车
千味央厨,食品饮料
立达信,家用电器
康众医疗,医药生物
英科再生,基础化工
星球石墨,机械设备
稻草熊娱乐,传媒
伟创电气,机械设备
精进电动,汽车
VESYNC,计算机
迅捷兴,电子
东利机械,汽车
信邦智能,机械设备
何氏眼科,医药生物
风光股份,基础化工
新柴股份,机械设备
利扬芯片,电子
金盘科技,电力设备
美迪凯,电子
品茗科技,计算机
瑞华泰,基础化工
奇德新材,基础化工
创益通,电子
兰卫医学,医药生物
天力锂能,电力设备
中富电路,电子
云想科技,计算机
农夫山泉,食品饮料
之江生物,医药生物
爱威科技,医药生物
爱科科技,机械设备
悦康药业,医药生物
圣泉集团,基础化工
严牌股份,环保
南亚新材,电子
金宏气体,电子
长虹佳华,家用电器
海优新材,电力设备
天臣医疗,医药生物
康鹏科技,医药生物
正荣服务,社会服务
上纬新材,基础化工
赛科希德,医药生物
安必平,医药生物
新致软件,计算机
浙江自然,轻工制造
中国蜀塔,房地产
华夏控股,社会服务
时代邻里,房地产
海目星,机械设备
先惠技术,电力设备
固德威,电力设备
中庆股份(新),环保
深水海纳,环保
益客食品,农林牧渔
霍普股份,建筑装饰
浙江新能,公用事业
*ST恒宇,国防军工
麦迪卫康,医药生物
EPS创健科技,计算机
艾德韦宣集团,通信
卓创资讯,传媒
南凌科技,通信
铜牛信息,计算机
华光新材,机械设备
TRUE PARTNER,非银金融
奥普科技,家用电器
瑞丽医美,美容护理
海普瑞,医药生物
仕净科技,环保
南网能源,公用事业
沛嘉医疗,医药生物
寒武纪,电子
德必集团,商贸零售
福禄控股,非银金融
绿城管理控股,房地产
上坤地产,房地产
新纽科技,电子
九联科技,家用电器
孩子王,商贸零售
瑞纳智能,机械设备
壹石通,电力设备
航宇科技,国防军工
欧林生物,医药生物
圣诺生物,医药生物
海吉亚医疗,医药生物
网易,传媒
标榜股份,汽车
福莱新材,基础化工
联科科技,基础化工
浙版传媒,传媒
炬申股份,交通运输
气派科技,电子
绿田机械,机械设备
欧晶科技,电力设备
本川智能,电子
清科创业,社会服务
世茂服务,房地产
迈信林,国防军工
品高股份,计算机
三峡能源,公用事业
悦安新材,有色金属
绿的谐波,机械设备
达嘉维康,医药生物
聚石化学,基础化工
极米科技,家用电器
成大生物,医药生物
五方光电,电子
科思科技,国防军工
生益电子,电子
奥泰生物,医药生物
科德数控,机械设备
奥普特,机械设备
中伟股份,电力设备
善水科技,基础化工
凯旺科技,计算机
肇民科技,汽车
泰格医药,医药生物
应星控股,非银金融
智明达,国防军工
博力威,电力设备
弘阳服务,房地产
腾景科技,电子
永顺控股香港,非银金融
富淼科技,基础化工
倍轻松,家用电器
华纳药厂,医药生物
康拓医疗,医药生物
爱慕股份,纺织服饰
正强股份,汽车
金百泽,电子
联测科技,机械设备
华锐精密,机械设备
青云科技,计算机
新特电气,电力设备
鸥玛软件,计算机
微导纳米,电力设备
亚康股份,计算机
拓新药业,医药生物
中农联合,基础化工
威高骨科,医药生物
盛美上海,电子
优趣汇控股,商贸零售
电气风电,电力设备
有研粉材,有色金属
凯立新材,基础化工
楚天龙,通信
纬德信息,计算机
飞亚达,纺织服饰
渤海银行,银行
伟源控股,非银金融
东来技术,基础化工
惠泰医疗,医药生物
恒玄科技,电子
圣湘生物,医药生物
星源卓镁,汽车
芯海科技,电子
易点天下,传媒
五洲医疗,医药生物
通源环境,环保
昀冢科技,电子
力源科技,环保
富信科技,电子
凤祥股份,纺织服饰
灿勤科技,通信
明志科技,机械设备
邦彦技术,国防军工
荣信文化,传媒
扬电科技,电力设备
德合集团,基础化工
达丰设备,机械设备
卓越商企服务,房地产
商络电子,电子
嘉亨家化,美容护理
立高食品,食品饮料
金钟股份,汽车
宏昌科技,家用电器
强瑞技术,机械设备
银河微电,电子
优利德,机械设备
洁雅股份,美容护理
三维天地,计算机
津荣天宇,机械设备
智欣集团控股,非银金融
远信工业,机械设备
京基智农,房地产
梦天家居,轻工制造
福莱蒽特,基础化工
荣昌生物,医药生物
金科服务,房地产
金辉控股,房地产
三旺通信,通信
科兴制药,医药生物
第一服务控股,社会服务
莹岚集团,汽车
福立旺,电子
泡泡玛特,轻工制造
蓝特光学,电子
新风光,电力设备
鼎阳科技,机械设备
睿昂基因,医药生物
正弦电气,机械设备
兰剑智能,机械设备
祥生控股集团,房地产
嘉和生物,医药生物
超越科技,环保
中捷精工,汽车
皓元医药,医药生物
永和股份,基础化工
菱电电控,汽车
中金公司,非银金融
奥来德,电子
领地控股,房地产
正元地信,计算机
凯盛新材,基础化工
零点有数,社会服务
迈普医学,医药生物
恒帅股份,汽车
祥源新材,基础化工
星华新材,基础化工
江苏博云,基础化工
宋都服务,社会服务
中国卫通,国防军工
江南奕帆,电力设备
双乐股份,基础化工
晓鸣股份,农林牧渔
怡合达,机械设备
华立科技,轻工制造
可孚医疗,医药生物
芳源股份,电力设备
霍莱沃,国防军工
金冠电气,电力设备
复洁环保,环保
瑞晟智能,机械设备
欢乐家,食品饮料
博硕科技,电子
玉马遮阳,轻工制造
东鹏饮料,食品饮料
富春染织,纺织服饰
英力股份,电子
明冠新材,电力设备
步科股份,机械设备
祖龙娱乐,传媒
亚辉龙,医药生物
科汇股份,电力设备
世华科技,电子
杭华股份,基础化工
星盛商业,商贸零售
乐享集团,传媒
奇安信,计算机
罗普特,计算机
共同药业,医药生物
阿拉丁,基础化工
明微电子,电子
欧科亿,机械设备
纵横股份,国防军工
方圆生活服务,社会服务
华依科技,机械设备
隆华新材,基础化工
汇隆新材,基础化工
芯碁微装,机械设备
明源云,计算机
思瑞浦,电子
华利集团,纺织服饰
蕾奥规划,建筑装饰
中兰环保,环保
华兰股份,医药生物
利和兴,机械设备
雅创电子,电子
嘉益股份,轻工制造
贝泰妮,美容护理
绿岛风,机械设备
万事利,纺织服饰
达瑞电子,电子
可靠股份,美容护理
凯淳股份,商贸零售
同飞股份,机械设备
华蓝集团,建筑装饰
久盛电气,电力设备
喜悦智行,轻工制造
西力科技,电力设备
泰福泵业,机械设备
通达电气,汽车
派能科技,电力设备
凯因科技,医药生物
开勒股份,机械设备
山水比德,建筑装饰
本立科技,医药生物
张小泉,轻工制造
显盈科技,电子
中环海陆,电力设备
海泰新光,医药生物
宁波色母,基础化工
京源环保,环保
纳泉能源科技,石油石化
安杰思,医药生物
咸亨国际,机械设备
翔宇医疗,医药生物
超达装备,汽车
华润材料,基础化工
雷尔伟,机械设备
致远新能,机械设备
果麦文化,传媒
保立佳,基础化工
海泰科,汽车
青达环保,环保
蓝月亮集团,美容护理
盛航股份,交通运输
金沃股份,机械设备
中铁特货,交通运输
中芯国际,电子
依依股份,美容护理
国邦医药,医药生物
鑫铂股份,有色金属
康希诺,医药生物
中天湖南集团,建筑材料
欧康维视生物,医药生物
上海合晶,电子
奥精医疗,医药生物
马可数字科技,计算机
杭州柯林,电力设备
线上线下,通信
桦欣控股,房地产
力量钻石,基础化工
涛涛车业,汽车
艾布鲁,环保
合景悠活,房地产
荣万家,社会服务
明月镜片,轻工制造
铁建重工,机械设备
宏华数科,机械设备
瑞联新材,电子
金融街物业,房地产
恒而达,机械设备
华塑股份,基础化工
先声药业,医药生物
泛亚微透,基础化工
威海银行,银行
久祺股份,汽车
邵阳液压,机械设备
戎美股份,纺织服饰
天亿马,计算机
有友食品,食品饮料
中粮科工,建筑装饰
天禄科技,电子
华厦眼科,医药生物
粤万年青,医药生物
龙腾光电,电子
诺泰生物,医药生物
华研精机,机械设备
中集车辆,汽车
普瑞眼科,医药生物
艾可蓝,汽车
大山教育,社会服务
立德教育,社会服务
莱尔科技,电子
格科微,电子
趣睡科技,轻工制造
匠心家居,轻工制造
云顶新耀,医药生物
康基医疗,医药生物
美佳音控股,传媒
仕佳光子,通信
中信博,电力设备
和铂医药,医药生物
华业香料,美容护理
东芯股份,电子
义翘神州,医药生物
美埃科技,环保
和达科技,计算机
卓锦股份,环保
唯赛勃,基础化工
医渡科技,医药生物
金田股份,有色金属
百胜中国,社会服务
新巨丰,轻工制造
建发物业,房地产
多瑞医药,医药生物
恩威医药,医药生物
翔楼新材,钢铁
兆讯传媒,传媒
腾远钴业,有色金属
加科思,医药生物
步阳国际,轻工制造
德琪医药,医药生物
嘉和美康,计算机
飞沃科技,电力设备
观想科技,国防军工
欧圣电气,家用电器
智洋创新,电力设备
中望软件,计算机
元琛科技,基础化工
新点软件,计算机
广联工程控股,建筑装饰
新益昌,机械设备
宏力达,电力设备
福昕软件,计算机
深科达,机械设备
会通股份,基础化工
现代中药集团,医药生物
厦钨新能,电力设备
优宁维,医药生物
恒盛能源,公用事业
力芯微,电子
华尔泰,基础化工
德昌股份,家用电器
上海汽配,汽车
青岛食品,食品饮料
维远股份,基础化工
中旗新材,建筑材料
冠石科技,电子
国机重装,机械设备
国科恒泰,医药生物
雷电微力,国防军工
百胜智能,机械设备
航亚科技,国防军工
五矿新能,电力设备
宏力医疗管理,医药生物
海程邦达,交通运输
运机集团,机械设备
盛泰集团,纺织服饰
华菱线缆,电力设备
双枪科技,轻工制造
恒光股份,基础化工
中熔电气,电子
崧盛股份,电力设备
上海港湾,建筑装饰
洪兴股份,纺织服饰
三孚新科,电子
百克生物,医药生物
正帆科技,机械设备
新媒股份,传媒
工大高科,机械设备
均普智能,机械设备
复旦微电,电子
建霖家居,轻工制造
艾为电子,电子
贝康医疗,医药生物
菜百股份,纺织服饰
国光电气,国防军工
天微电子,国防军工
阳光诺和,医药生物
上海谊众,医药生物
诚达药业,医药生物
煜邦电力,电力设备
海尔智家,家用电器
华润万象生活,房地产
紫建电子,电力设备
镇洋发展,基础化工
海锅股份,机械设备
君实生物,医药生物
华住集团,社会服务
远洋服务,社会服务
宝尊电商,商贸零售
中研股份,基础化工
顺博合金,有色金属
京东健康,医药生物
嘀嗒出行,
普蕊斯,医药生物
鸿富瀚,电子
博拓生物,医药生物
建研设计,建筑装饰
聚赛龙,基础化工
迪阿股份,纺织服饰
浙江恒威,电力设备
元道通信,通信
金鹰重工,机械设备
能辉科技,建筑装饰
朝云集团,美容护理
中通快递,交通运输
再鼎医药,医药生物
健倍苗苗,医药生物
森松国际,轻工制造
恒大物业,房地产
嘉戎技术,环保
争光股份,基础化工
亨迪药业,医药生物
华海清科,电子
升能集团,电力设备
中科通达,计算机
药明巨诺,医药生物
嘉泓物流,交通运输
德利机械,机械设备
融创服务,房地产
大全能源,电力设备
百普赛斯,医药生物
奕东电子,电子
实朴检测,社会服务
和辉光电,电子
茂莱光学,电子
同益中,基础化工
泽宇智能,电力设备
昭衍新药,医药生物
万国数据,计算机
青木科技,商贸零售
中汽股份,汽车
炬芯科技,电子
合富中国,医药生物
春雪食品,食品饮料
熵基科技,计算机
华大智造,医药生物
朝聚眼科,医药生物
锐捷网络,通信
新亚电子,电子
骏成科技,电子
三博脑科,医药生物
三元生物,基础化工
创耀科技,电子
金禄电子,电子
迈威生物,医药生物
华康医疗,医药生物
一博科技,电子
宏微科技,电子
竣球控股,汽车
巨一科技,机械设备
统联精密,电子
瑞泰新材,电力设备
光庭信息,汽车
汉仪股份,计算机
怡和嘉业,医药生物
嘉曼服饰,纺织服饰
诺辉健康,医药生物
中原建业,房地产
数科集团,计算机
珠海冠宇,电力设备
物产环能,煤炭
铭利达,机械设备
云天励飞,计算机
南模生物,医药生物
联盛化学,基础化工
天源环保,环保
中自科技,汽车
禾迈股份,电力设备
金迪克,医药生物
泰慕士,纺织服饰
纽威数控,机械设备
新锐股份,机械设备
三羊马,交通运输
融信服务,社会服务
飞南资源,环保
国力股份,电子
华新环保,环保
瑞鹄模具,汽车
蜂助手,通信
中钢洛耐,建筑材料
雅艺科技,轻工制造
盛帮股份,汽车
泓淋电力,电力设备
高科桥,电子
*ST导航,国防军工
新希望服务,社会服务
高铁电气,机械设备
瑞可达,电子
心通医疗,医药生物
春立医疗,医药生物
时代电气,机械设备
国芯科技,电子
佳缘科技,计算机
龙迅股份,电子
容知日新,机械设备
欧克科技,机械设备
炜冈科技,机械设备
百利天恒,医药生物
科达自控,计算机
晶赛科技,电子
同心传动,汽车
吉冈精密,机械设备
志晟信息,计算机
中寰股份,机械设备
中设咨询,建筑装饰
大地电气,汽车
浩辰软件,计算机
快狗打车,社会服务
智云健康,计算机
商汤,计算机
亚虹医药,医药生物
维海德,计算机
伟立控股,轻工制造
维天运通,通信
星空华文,传媒
金丹科技,基础化工
荣旗科技,机械设备
威力传动,电力设备
快可电子,电力设备
盘古智能,电力设备
三叶草生物,医药生物
必易微,电子
百奥赛图,医药生物
苏新服务,社会服务
多利科技,汽车
好上好,电子
博隆技术,机械设备
富乐德,电子
纳芯微,电子
中国移动,通信
云从科技,计算机
宏景科技,计算机
新天地,医药生物
威士顿,计算机
新莱福,有色金属
振华新材,电力设备
卓然股份,机械设备
亚华电子,计算机
达利凯普,电子
真兰仪表,机械设备
华瓷股份,轻工制造
国能日新,计算机
通行宝,计算机
唯科科技,基础化工
兴欣新材,基础化工
汇宇制药,医药生物
中一科技,电力设备
恒勃股份,汽车
美邦股份,基础化工
骏创科技,汽车
军信股份,环保
金龙鱼,农林牧渔
金道科技,机械设备
华是科技,计算机
招标股份,建筑装饰
兆科眼科,医药生物
喆丽控股,纺织服饰
凯格精机,机械设备
首华燃气,公用事业
杰创智能,计算机
华兰疫苗,医药生物
海看股份,传媒
唯万密封,机械设备
环球新材国际,基础化工
中国通才教育,社会服务
翱捷科技,电子
澳华内镜,医药生物
海力风电,电力设备
百诚医药,医药生物
铜冠铜箔,电力设备
奥尼电子,电子
新东方,社会服务
鼎通科技,通信
优然牧业,食品饮料
星辉环材,基础化工
万凯新材,基础化工
采纳股份,医药生物
百融云,计算机
赛维时代,商贸零售
宏德股份,电力设备
森鹰窗业,轻工制造
腾亚精工,机械设备
哈焊华通,机械设备
中科环保,环保
快手,传媒
瑞德智能,家用电器
纽泰格,汽车
凌玮科技,基础化工
华强科技,医药生物
联易融科技,计算机
斯瑞新材,有色金属
诺唯赞,医药生物
南方路机,机械设备
凯尔达,机械设备
中科微至,机械设备
华融化学,基础化工
凡拓数创,传媒
信德新材,电力设备
龙版传媒,传媒
德石股份,机械设备
拓荆科技,电子
读书郎,社会服务
安能物流,交通运输
安旭生物,医药生物
星环科技,计算机
铖昌科技,国防军工
浙江正特,轻工制造
坤泰股份,汽车
毕得医药,医药生物
润贝航科,石油石化
捷邦科技,电子
中国海油,石油石化
江苏华辰,电力设备
福斯达,机械设备
金海通,电子
艾迪康控股,医药生物
思路迪医药股份,医药生物
联翔股份,轻工制造
农心科技,基础化工
拓山重工,机械设备
中国中免,商贸零售
麦澜德,医药生物
友车科技,计算机
阿特斯,电力设备
思特威,电子
晶科能源,电力设备
龙芯中科,电子
隆达股份,有色金属
九州一轨,机械设备
美腾科技,机械设备
亚通精工,汽车
联合水务,环保
圣晖集成,建筑装饰
邦基科技,农林牧渔
四川黄金,有色金属
森泰股份,建筑材料
东贝集团,家用电器
比依股份,家用电器
朗诗绿色生活,房地产
卡莱特,计算机
康耐特光学,电子
同星科技,家用电器
五芳斋,食品饮料
立新能源,公用事业
百通能源,公用事业
可川科技,电子
鹿山新材,基础化工
瑞尔集团,医药生物
归创通桥,医药生物
七丰精工,机械设备
荣亿精密,机械设备
优机股份,机械设备
科润智控,电力设备
凯德石英,电子
华人健康,医药生物
智立方,机械设备
清研环境,环保
百度集团,传媒
云康集团,医药生物
科济药业,医药生物
宿迁联盛,基础化工
宁波远洋,交通运输
希荻微,电子
川宁生物,医药生物
晶合集成,电子
心玮医疗,医药生物
和黄医药,医药生物
高测股份,电力设备
乐普生物,医药生物
博维智慧,计算机
灿能电力,电力设备
路斯股份,农林牧渔
昆工科技,电力设备
华秦科技,国防军工
禾昌聚合,基础化工
广道数字,计算机
汉鑫科技,计算机
海希通讯,机械设备
广咨国际,建筑装饰
广脉科技,通信
恒合股份,环保
锦好医疗,医药生物
唯特偶,电子
格灵深瞳,计算机
德明利,电子
中骏商管,社会服务
贝特瑞,电力设备
国义招标,社会服务
吉林碳谷,基础化工
龙竹科技,轻工制造
梓橦宫,医药生物
凯腾精工,机械设备
方大新材,轻工制造
通易航天,国防军工
同力股份,机械设备
森萱医药,医药生物
利通科技,基础化工
建邦科技,汽车
诺思兰德,医药生物
苏轴股份,汽车
同享科技,电力设备
凯添燃气,公用事业
润农节水,农林牧渔
颖泰生物,基础化工
德众汽车,汽车
云创数据,计算机
恒拓开源,计算机
拾比佰,家用电器
齐鲁华信,基础化工
安徽凤凰,汽车
常辅股份,机械设备
微创光电,计算机
佳先股份,基础化工
同惠电子,机械设备
朱老六,食品饮料
国源科技,计算机
美之高,轻工制造
鹿得医疗,医药生物
万通液压,机械设备
浩淼科技,机械设备
大唐药业,医药生物
星辰科技,机械设备
华维设计,建筑装饰
三元基因,医药生物
永顺生物,农林牧渔
艾融软件,计算机
天振股份,轻工制造
欣灵电气,电力设备
溯联股份,汽车
珠城科技,家用电器
通力科技,机械设备
国际复材,建筑材料
生物谷,医药生物
新安洁,环保
中航泰达,环保
数字人,医药生物
德瑞锂电,电力设备
驱动力,农林牧渔
同辉信息,计算机
盖世食品,食品饮料
殷图网联,电力设备
秉扬科技,基础化工
旭杰科技,建筑装饰
德源药业,医药生物
连城数控,电力设备
智新电子,电子
长虹能源,电力设备
三友科技,机械设备
富士达,通信
创远信科,机械设备
五新隧装,机械设备
球冠电缆,电力设备
丰光精密,机械设备
流金科技,传媒
舜禹股份,环保
德银天下,银行
真爱美家,纺织服饰
通达创智,轻工制造
瑞晨环保,机械设备
隆扬电子,电子
源飞宠物,轻工制造
华阳变速,汽车
永顺泰,农林牧渔
楚环科技,环保
德信服务集团,社会服务
博亚精工,机械设备
雍禾医疗,美容护理
GC CONSTRUCTION,建筑装饰
天益医疗,医药生物
康诺亚,医药生物
腾盛博药,医药生物
康力源,轻工制造
新传企划,传媒
中复神鹰,基础化工
长光华芯,电子
慧博云通,计算机
三态股份,商贸零售
朗坤环境,环保
海正生材,基础化工
东田微,电子
克莱特,机械设备
银龙股份,机械设备
威博液压,机械设备
天润科技,计算机
泓禧科技,电子
则成电子,电子
科创新材,建筑材料
威贸电子,电子
宇环数控,机械设备
德康农牧,农林牧渔
德科立,通信
德邦科技,电子
奥比中光,电子
凯莱英,医药生物
翰博高新,电子
大族数控,机械设备
泰祥股份,汽车
观典防务,国防军工
亚世光电,电子
首创证券,非银金融
云中马,纺织服饰
凌云光,机械设备
恒工精密,机械设备
华南职业教育,社会服务
熙康云医院,医药生物
国缆检测,社会服务
禾川科技,机械设备
芯导科技,电子
威腾电气,电力设备
国博电子,国防军工
携程集团,社会服务
北海康成,医药生物
广康生化,基础化工
中科蓝讯,电子
天润云,计算机
工大科雅,机械设备
魅视科技,计算机
哔哩哔哩,传媒
高视医疗,医药生物
微电生理,医药生物
思林杰,机械设备
药康生物,医药生物
科捷智能,机械设备
永信至诚,计算机
万控智造,电力设备
峰岹科技,电子
德尔玛,家用电器
泉峰控股,机械设备
富吉瑞,国防军工
亚信安全,计算机
百得利控股,家用电器
普莱得,机械设备
瑞科生物,医药生物
英集芯,电子
京东物流,交通运输
南网科技,电力设备
坤恒顺维,通信
江波龙,电子
致尚科技,电子
软通动力,计算机
海创药业,医药生物
和元生物,医药生物
华盛锂电,电力设备
景业智能,机械设备
绿通科技,汽车
英特科技,机械设备
首药控股,医药生物
百济神州,医药生物
三一重能,电力设备
聚胶股份,基础化工
炬光科技,电子
宏源药业,医药生物
思泉新材,电子
美好医疗,医药生物
力高健康生活,美容护理
望变电气,电力设备
天新药业,基础化工
福元医药,医药生物
紫燕食品,食品饮料
宝立食品,食品饮料
箭牌家居,轻工制造
智微智能,计算机
常润股份,汽车
嘉环科技,通信
亿道信息,电子
晋拓股份,汽车
英华特,机械设备
广立微,计算机
锡南科技,汽车
尚太科技,电力设备
兴通股份,交通运输
汇通达网络,计算机
中国石墨,有色金属
诺诚健华,医药生物
金杨股份,电力设备
湖南裕能,电力设备
盈建科,计算机
纳微科技,医药生物
中国电信,通信
金力永磁,有色金属
盟科药业,医药生物
汇成股份,电子
谭仔国际,食品饮料
优矩控股,电子
奈雪的茶,社会服务
先瑞达医疗,医药生物
顺丰同城,交通运输
振华风光,国防军工
华骐环保,环保
金橙子,计算机
诺禾致源,医药生物
安路科技,电子
甬矽电子,电子
双财庄,商贸零售
富景中国控股,房地产
光华股份,基础化工
道道全,农林牧渔
小黄鸭德盈,商贸零售
中微半导,电子
宏信建发,非银金融
友和集团,商贸零售
子不语,商贸零售
信音电子,电子
未来电器,电力设备
中远通,电力设备
微创机器人,医药生物
固生堂,医药生物
东星医疗,医药生物
通达海,计算机
曼恩斯特,电力设备
鸿日达,电子
益方生物,医药生物
汇绿生态,建筑装饰
联动科技,电子
领悦服务集团,社会服务
康桥悦生活,社会服务
美硕科技,电力设备
恒烁股份,电子
迈越科技,计算机
东原仁知服务,社会服务
赛迪顾问,计算机
矩阵股份,建筑装饰
维峰电子,电子
华宝新能,电力设备
众智科技,电力设备
科源制药,医药生物
天岳先进,电子
联合化学,基础化工
安培龙,机械设备
联合精密,家用电器
嘉华股份,农林牧渔
冠龙节能,机械设备
开创电气,机械设备
豪恩汽电,汽车
望尘科技控股,计算机
致欧科技,轻工制造
鼎泰高科,机械设备
北方长龙,国防军工
艾美疫苗,医药生物
鑫磊股份,机械设备
概伦电子,计算机
纳睿雷达,国防军工
金三江,基础化工
百心安,医药生物
仁度生物,医药生物
东微半导,电子
昆船智能,机械设备
花房集团,社会服务
华塑科技,电力设备
满坤科技,电子
多浦乐,机械设备
德商产投服务,社会服务
GUANZE MEDICAL,计算机
劲旅环境,环保
创新奇智,计算机
心泰医疗,医药生物
青瓷游戏,传媒
中康控股,医药生物
蓝箭电子,电子
湖州燃气,公用事业
和誉,非银金融
臻镭科技,电子
昱能科技,电力设备
井松智能,计算机
聚和材料,电力设备
经纬恒润,计算机
安达智能,机械设备
小鹏汽车,汽车
鑫宏业,汽车
德龙激光,机械设备
赛微微电,电子
尤安设计,建筑装饰
众安智慧生活,社会服务
科瑞思,通信
思派健康,计算机
鼎际得,基础化工
上海建科,建筑装饰
宣泰医药,医药生物
贝隆精密,电子
光大同创,电子
联特科技,通信
菲沃泰,电子
康为世纪,医药生物
浙江黎明,汽车
汇通集团,建筑装饰
中荣股份,轻工制造
万邦医药,医药生物
朗威股份,通信
中国能建,建筑装饰
鸿承环保科技,环保
堃博医疗,医药生物
京城佳业,房地产
敷尔佳,美容护理
海光信息,电子
怡俊集团控股,商贸零售
洪九果品,商贸零售
瑜欣电子,机械设备
润歌互动,传媒
永安期货,非银金融
时代天使,美容护理
格力博,机械设备
天山电子,电子
内蒙新华,传媒
微泰医疗,医药生物
玄武云,计算机
鹰瞳科技,计算机
健世科技,医药生物
信达证券,非银金融
利柏特,建筑装饰
中无人机,国防军工
汽车之家,汽车
亿能电力,电力设备
和泰机电,机械设备
美因基因,医药生物
鲁商服务,社会服务
叮当健康,医药生物
三维股份,基础化工
大禹生物,农林牧渔
云路股份,有色金属
华视集团控股,传媒
沪江材料,轻工制造
建科股份,社会服务
鸿铭股份,机械设备
逸豪新材,电子
高凌信息,国防军工
第四范式,计算机
帝奥微,电子
普源精电,机械设备
云音乐,传媒
业聚医疗,医药生物
华新水泥,建筑材料
巨星传奇,传媒
慕思股份,轻工制造
宏英智能,机械设备
豪鹏科技,电力设备
金徽股份,有色金属
永泰运,交通运输
利仁科技,家用电器
康冠科技,电子
丛麟科技,环保
天德钰,电子
苏能股份,煤炭
江瀚新材,基础化工
创胜集团,医药生物
微博,传媒
中科磁业,有色金属
超卓航科,国防军工
卫龙美味,食品饮料
北路智控,计算机
彩蝶实业,基础化工
扬州金泉,纺织服饰
富佳股份,家用电器
圣诺医药,医药生物
远翔新材,基础化工
升辉清洁,环保
东南电子,电子
豪江智能,机械设备
南王科技,轻工制造
西测测试,国防军工
丰立智能,机械设备
美利信,通信
山外山,医药生物
博菲电气,基础化工
三柏硕,轻工制造
铭科精技,汽车
胜通能源,公用事业
播恩集团,农林牧渔
美农生物,基础化工
柠萌影视,传媒
思科瑞,国防军工
惠柏新材,基础化工
海科新源,电力设备
奥浦迈,医药生物
海螺环保,环保
理想汽车,汽车
苏威孚B,
华大九天,计算机
浩瀚深度,计算机
博盈特焊,机械设备
唯捷创芯,电子
路维光电,电子
万得凯,机械设备
荣昌生物,医药生物
晶华微,电子
阳光乳业,食品饮料
海伦司,社会服务
医脉通,医药生物
康圣环球,医药生物
莱特光电,电子
中触媒,基础化工
英诺特,医药生物
迪哲医药,医药生物
泓博医药,医药生物
越秀服务,社会服务
多想云,计算机
INTERRA ACQ-Z,非银金融
泰德股份,汽车
海泰新能,电力设备
福赛科技,汽车
硅烷科技,电子
诺瓦星云,计算机
国泰环保,环保
伟测科技,电子
法拉帝,电子
威马农机,机械设备
磁谷科技,机械设备
哈铁科技,机械设备
陕西能源,公用事业
昊帆生物,医药生物
天键股份,电子
AQUILA ACQ-Z,非银金融
富创精密,电子
力勤资源,电子
亚光股份,环保
中信金属,商贸零售
中电港,电子
长华化学,基础化工
VISION DEAL-Z,非银金融
交运燃气,公用事业
安邦护卫,社会服务
智信精密,机械设备
金凯生科,医药生物
晶品特装,国防军工
海森药业,医药生物
翔腾新材,电子
联影医疗,医药生物
赛恩斯,环保
亿华通,电力设备
陕西华达,国防军工
中科飞测,电子
盛科通信,电子
灿瑞科技,电子
儒竞科技,机械设备
淮北绿金股份,非银金融
恒进感应,机械设备
恒尚节能,建筑装饰
中集环科,机械设备
一彬科技,汽车
钜泉科技,电子
萤石网络,计算机
立方控股,计算机
派特尔,汽车
中巨芯,电子
耐科装备,电子
骄成超声,电力设备
丰茂股份,基础化工
英方软件,计算机
近岸蛋白,医药生物
源杰科技,电子
长盈通,通信
柏诚股份,建筑装饰
麒麟信安,计算机
鑫汇科,电子
北森控股,计算机
邦德股份,汽车
联迪信息,计算机
朗鸿科技,机械设备
万润新能,电力设备
康沣生物,医药生物
长青科技,机械设备
有研硅,电子
润迈德,医药生物
清越科技,电子
三未信安,计算机
微创脑科学,医药生物
飞天云动,传媒
汇成真空,机械设备
中重科技,机械设备
江盐集团,基础化工
崇德科技,机械设备
常青科技,基础化工
盟固利,电力设备
美信科技,通信
龙源电力,公用事业
乖宝宠物,农林牧渔
波长光电,电子
晨光电缆,电力设备
奥迪威,电子
民生健康,医药生物
维科精密,汽车
固高科技,机械设备
基康仪器,机械设备
信科移动,通信
经纬股份,建筑装饰
德福科技,电力设备
港通医疗,医药生物
金茂服务,房地产
九方智投控股,非银金融
途虎,汽车
帕瓦股份,电力设备
丰城控股,房地产
上美股份,美容护理
明阳电气,电力设备
斯菱股份,汽车
辰奕智能,家用电器
康乐卫士,医药生物
KEEP,社会服务
金融壹账通,非银金融
惠丰钻石,机械设备
澳亚集团,交通运输
夏厦精密,机械设备
成都华微,电子
杰华特,电子
美新科技,轻工制造
嘉创地产,房地产
名创优品,商贸零售
佰维存储,电子
集海资源,有色金属
国际永胜集团,非银金融
粉笔,社会服务
中创新航,国防军工
乐华娱乐,传媒
德冠新材,基础化工
天铭科技,汽车
中纺标,社会服务
万物云,计算机
汇德收购-Z,非银金融
易点云,计算机
达势股份,社会服务
蔚来,汽车
润华服务,社会服务
零跑汽车,汽车
百果园集团,商贸零售
思泰克,机械设备
巨子生物,美容护理
新赣江,医药生物
众诚科技,计算机
三联锻造,汽车
慧智微,电子
贝壳,房地产
合肥高科,家用电器
雷特科技,电力设备
一致魔芋,基础化工
中机认检,社会服务
博安生物,医药生物
爱迪特,医药生物
华纬科技,汽车
凌雄科技,电子
燕东微,电子
洲际船务,交通运输
阳光保险,非银金融
知乎,传媒
万丰股份,基础化工
宏鑫科技,汽车
美丽田园医疗健康,医药生物
欧康医药,医药生物
恒兴新材,基础化工
优博控股,
绿亨科技,基础化工
康比特,食品饮料
濠暻科技,电子
梅斯健康,医药生物
博实结,计算机
润本股份,美容护理
南矿集团,机械设备
颀中科技,电子
中润光学,计算机
力盟科技,电子
天纺标,社会服务
药师帮,计算机
中仑新材,基础化工
丰安股份,机械设备
力王股份,电力设备
科力装备,汽车
骏鼎达,基础化工
华洋赛车,汽车
友宝在线,商贸零售
美芯晟,电子
航天软件,计算机
国航远洋,交通运输
海能技术,机械设备
绿联科技,电子
美中嘉和,医药生物
澜沧古茶,食品饮料
锦波生物,美容护理
联域股份,家用电器
海通发展,交通运输
鼎龙科技,基础化工
浙江荣泰,汽车
登康口腔,美容护理
精智达,机械设备
凯大催化,基础化工
天马新材,基础化工
中宝新材,有色金属
碧兴物联,环保
方盛股份,机械设备
雅达股份,电力设备
安凯微,电子
瑞迪智驱,机械设备
华海诚科,电子
锴威特,电子
慧为智能,电子
华密新材,汽车
田野股份,农林牧渔
新芝生物,机械设备
远航精密,电力设备
花溪科技,机械设备
慧居科技,计算机
星昊医药,医药生物
来凯医药,医药生物
武汉有机,
智翔金泰,医药生物
力佳科技,电力设备
华阳智能,电力设备
中船特气,电子
保丽洁,环保
恒立钻具,机械设备
格利尔,家用电器
天宏锂电,电力设备
浙江大农,机械设备
润普食品,基础化工
云里物里,通信
夜光明,纺织服饰
汉维科技,基础化工
华岭股份,电子
曙光数创,计算机
秋乐种业,农林牧渔
逸飞激光,机械设备
芯动联科,电子
国科军工,国防军工
星宸科技,电子
时创能源,电力设备
航材股份,国防军工
威迈斯,汽车
西山科技,医药生物
威尔高,电子
日联科技,机械设备
南芯科技,电子
乔锋智能,机械设备
C巍华,基础化工
安乃达,电力设备
宏盛华源,建筑装饰
天元智能,机械设备
热威股份,家用电器
众辰科技,机械设备
莱斯信息,计算机
航天环宇,国防军工
双元科技,机械设备
埃科光电,机械设备
天玛智控,机械设备
舜宇精工,汽车
三祥科技,汽车
佳合科技,轻工制造
倍益康,家用电器
华曙高科,机械设备
涂鸦智能,计算机
TECHSTARACQ-Z,非银金融
并行科技,计算机
特瑞斯,公用事业
峆一药业,医药生物
华光源海,交通运输
瑞奇智造,机械设备
雷神科技,计算机
春光药装,机械设备
迅安科技,机械设备
宜明昂科,医药生物
机科股份,机械设备
新威凌,有色金属
路桥信息,计算机
盛邦安全,计算机
新相微,电子
绿竹生物,医药生物
明阳科技,汽车
康普化学,基础化工
恒太照明,家用电器
中科美菱,医药生物
凯华材料,电子
欧普泰,电力设备
柏星龙,轻工制造
铁大科技,机械设备
信宇人,电力设备
百甲科技,建筑装饰
艾能聚,电力设备
青矩技术,建筑装饰
裕太微,电子
中创股份,计算机
达梦数据,计算机
索辰科技,计算机
誉辰智能,电力设备
华丰科技,国防军工
航天南湖,国防军工
美登科技,计算机
福事特,机械设备
山西安装,建筑装饰
诺亚控股,非银金融
经纬天地,非银金融
司南导航,通信
东和新材,建筑材料
太湖雪,纺织服饰
欧福蛋业,农林牧渔
驰诚股份,机械设备
骑士乳业,食品饮料
华信永道,计算机
奔朗新材,机械设备
乐创技术,机械设备
利尔达,通信
雅葆轩,电子
辰光医疗,医药生物
西高院,社会服务
芯联集成,电子
九菱科技,机械设备
光格科技,机械设备
艾罗能源,电力设备
泰凌微,电子
五资优3,
天图投资,非银金融
正味集团,食品饮料
广合科技,电子
平安电工,基础化工
金帝股份,机械设备
索宝蛋白,农林牧渔
腾达科技,机械设备
永达股份,机械设备
星德胜,电力设备
北自科技,机械设备
华勤技术,电子
键邦股份,基础化工
力聚热能,机械设备
米高集团,商贸零售
特海国际,社会服务
普乐师集团控股,商贸零售
金山云,计算机
乐思集团,医药生物
纬达光电,电子
盛景微,电子
中裕科技,基础化工
美邦科技,基础化工
易实精密,汽车
中深建业,房地产
腾讯音乐,传媒
汇隆活塞,机械设备
天承科技,电子
武汉蓝电,电力设备
民士达,轻工制造
海达尔,家用电器
旺成科技,汽车
华原股份,汽车
鼎智科技,机械设备
国子软件,计算机
瑞星股份,机械设备
巨能股份,机械设备
永兴股份,环保
麦加芯彩,基础化工
雪祺电气,家用电器
艾森股份,电子
安达科技,电力设备
宁新新材,基础化工
迪尔化工,基础化工
BOSS直聘,计算机
乐舱物流,交通运输
宏裕包材,轻工制造
戈碧迦,电子
派诺科技,电力设备
华虹公司,电子
奇富科技,电子
一诺威,基础化工
迈富时,
方舟健客,
绿源集团控股,环保
国鸿氢能,电力设备
晟楠科技,国防军工
中旭未来,传媒
京仪装备,电子
科笛,医药生物
友芝友生物,医药生物
豪声电子,电子
瑞浦兰钧,电力设备
爱科赛博,电力设备
晶升股份,电子
高华科技,电子
中邮科技,机械设备
利安科技,电子
灿芯股份,电子
万德股份,基础化工
康希通信,电子
广钢气体,电子
富恒新材,基础化工
东方碳素,基础化工
鸿智科技,家用电器
惠同新材,有色金属
开特股份,汽车
视声智能,计算机
天力复合,有色金属
天罡股份,机械设备
博迅生物,医药生物
灵鸽科技,机械设备
欧莱新材,电子
许昌智能,电力设备
锦江航运,交通运输
龙旗科技,电子
珍酒李渡,食品饮料
西典新能,电力设备
优必选,机械设备
陆控,非银金融
科伦博泰生物,医药生物
宜搜科技,
泛远国际,非银金融
无锡晶海,医药生物
科强股份,基础化工
瑞昌国际控股,
K CASH集团,非银金融
十月稻田,农林牧渔
荃信生物,医药生物
锅圈,食品饮料
永臻股份,电力设备
知行汽车科技,汽车
海昇药业,医药生物
康农种业,农林牧渔
泰鹏智能,轻工制造
纳科诺尔,电力设备
西磁科技,机械设备
金泰丰国际控股,非银金融
一脉阳光,
长久股份,交通运输
广厦环能,机械设备
众淼控股,
香港交易所,非银金融
腾讯控股,计算机
前进科技,机械设备
佛朗斯股份,计算机
龙图光罩,电子
坤博精工,机械设备
君圣泰医药,医药生物
出门问问,
云工场,
广联科技控股,
西锐,
华润啤酒,食品饮料
吉利汽车,汽车
商汤,计算机
新鸿基地产,房地产
恒生银行,银行
中国海洋石油,石油石化
联想集团,计算机
中国移动,通信
京东健康,医药生物
美团,商贸零售
京东集团,商贸零售
中银香港,银行
长城汽车,汽车
百度集团,计算机
阿里巴巴,商贸零售
李宁,纺织服饰
中国平安,非银金融
安踏体育,纺织服饰
小米集团,电子
友邦保险,非银金融
比亚迪股份,汽车
快手,传媒
燕之屋,食品饮料
极兔速递,交通运输
非凡领越,纺织服饰
贝克微,电子
泓盈城市服务,
EDA集团控股,
阿为特,机械设备
捷众科技,汽车
莱赛激光,机械设备
声通科技,
卓兆点胶,机械设备
百望股份,
黑芝麻智能,
铁拓机械,机械设备
芭薇股份,美容护理
美心翼申,机械设备
无锡鼎邦,机械设备
元续科技,
速腾聚创,计算机
中赣通信,
天津建发,
汽车街,
连连数字,计算机
药明合联,医药生物
盛禾生物,
泓基集团,非银金融
茶百道,
如祺出行,
五资优4,
云星宇,计算机
天聚地合,
金源氢化,基础化工
趣致集团,
经发物业,
永联丰控股,轻工制造
百乐皇宫,商贸零售
万达轴承,
老铺黄金,
五资优5,
QUANTUMPH-P,
