"ID","DOMAIN_HCODE","DOMAIN_CNAME","TABLE_HCODE","TABLE_ENAME","HISQA","HISMAN","HISVALID","CREATE_BY","HCREATETIME","UPDATE_BY","HUPDATETIME"
1,"20601",ETF相关信息,"10050",ETF_LABEL_INFO_CHINA,,,1,,"2024-10-17 15:31:23",,"2025-02-26 15:18:15"
2,"20601",ETF相关信息,"10051",ETF_LABEL_INFO_USA,,,1,,"2024-10-17 15:31:23",,"2025-02-26 15:18:15"
3,"20508",QDII基金产品持仓,"10017",FUND_INDUSTRY_HOLDING_MV_DETAIL_QDII,,,1,,"2024-10-17 15:31:23",,"2024-10-17 15:31:23"
4,"20508",QDII基金产品持仓,"10039",FUND_PORTFOLIO_DETAIL_QDII,,,1,,"2024-10-17 15:31:23",,"2024-10-17 15:31:23"
5,"209",股票标签,"10044",LABEL_INFO,,,1,,"2024-10-17 15:31:23",,"2024-10-17 15:31:23"
6,"209",股票标签,"10045",SECU_LABEL_INFO,,,1,,"2024-10-17 15:31:23",,"2024-10-17 15:31:23"
7,"209",股票标签,"10054",CT_TRACK_DEFINE,,,1,,"2024-10-17 15:31:23",,"2024-10-17 15:31:23"
8,"20507",基金标签,"10020",FUND_LABEL_INFO,,,0,,"2024-10-17 15:31:24",,"2025-03-12 11:25:57"
9,"20507",基金标签,"10021",FUND_LABEL_VALUE_SECTION,,,0,,"2024-10-17 15:31:24",,"2025-03-12 15:28:11"
10,"20507",基金标签,"10022",FUND_LABEL_VALUE_SERIES,,,0,,"2024-10-17 15:31:24",,"2025-03-12 11:25:57"
11,"20507",基金标签,"10047",MUTUAL_FUND_SECTOR,,,1,,"2024-10-17 15:31:24",,"2024-10-17 15:31:24"
12,"20501",基金产品持仓,"10002",FUND_STOCK_CHANGE_Q,,,1,,"2024-10-17 15:31:24",,"2024-10-17 15:31:24"
13,"20501",基金产品持仓,"10003",FUND_STOCK_CHANGE_HY,,,1,,"2024-10-17 15:31:24",,"2024-10-17 15:31:24"
14,"20501",基金产品持仓,"10008",FUND_ASSET_ALLOCATION,,,1,,"2024-10-17 15:31:24",,"2024-10-17 15:31:24"
15,"20501",基金产品持仓,"10013",FUND_INDUSTRY_CHANGE_HY,,,1,,"2024-10-17 15:31:24",,"2024-10-17 15:31:24"
16,"20501",基金产品持仓,"10014",FUND_INDUSTRY_CHANGE_Q,,,1,,"2024-10-17 15:31:24",,"2024-10-17 15:31:24"
17,"20501",基金产品持仓,"10015",FUND_INDUSTRY_HOLDING_MV_DETAIL_HY,,,1,,"2024-10-17 15:31:24",,"2024-10-17 15:31:24"
18,"20501",基金产品持仓,"10016",FUND_INDUSTRY_HOLDING_MV_DETAIL_Q,,,1,,"2024-10-17 15:31:24",,"2024-10-17 15:31:24"
19,"20501",基金产品持仓,"10018",FUND_INDUSTRY_HOLDING_MV_HY,,,1,,"2024-10-17 15:31:25",,"2024-10-17 15:31:25"
20,"20501",基金产品持仓,"10019",FUND_INDUSTRY_HOLDING_MV_Q,,,1,,"2024-10-17 15:31:25",,"2024-10-17 15:31:25"
21,"20501",基金产品持仓,"10038",FUND_PORTFOLIO_DETAIL,,,1,,"2024-10-17 15:31:25",,"2024-10-17 15:31:25"
22,"20501",基金产品持仓,"10040",FUND_TOP10_STOCK_CHANGE_HY,,,1,,"2024-10-17 15:31:25",,"2024-10-17 15:31:25"
23,"20501",基金产品持仓,"10041",FUND_TOP10_STOCK_CHANGE_Q,,,1,,"2024-10-17 15:31:25",,"2024-10-17 15:31:25"
24,"20501",基金产品持仓,"10042",FUND_TRACK_HOLDING,,,1,,"2024-10-17 15:31:25",,"2024-10-17 15:31:25"
25,"20501",基金产品持仓,"10048",STOCK_HOLD_STATISTICS_HY,,,1,,"2024-10-17 15:31:25",,"2024-10-17 15:31:25"
26,"20501",基金产品持仓,"10049",STOCK_HOLD_STATISTICS_Q,,,1,,"2024-10-17 15:31:25",,"2024-10-17 15:31:25"
27,"20509",基金产品基本信息,"10006",FUND_AND_COMPANY_MAPPING,,,1,,"2024-10-17 15:31:25",,"2024-10-17 15:31:25"
28,"20509",基金产品基本信息,"10007",FUND_AND_MANAGER_MAPPING,,,1,,"2024-10-17 15:31:25",,"2024-10-17 15:31:25"
29,"20509",基金产品基本信息,"10012",FUND_FRONT_CONTROL,,,1,,"2024-10-17 15:31:26",,"2024-10-17 15:31:26"
30,"20509",基金产品基本信息,"10023",FUND_LIST_FREQUENCY,,,1,,"2024-10-17 15:31:26",,"2024-10-17 15:31:26"
31,"20509",基金产品基本信息,"10008",FUND_ASSET_ALLOCATION,,,1,,"2024-10-17 15:31:26",,"2024-10-17 15:31:26"
32,"20502",基金产品净值,"10037",FUND_NETVALUE,,,1,,"2024-10-17 15:31:26",,"2024-10-17 15:31:26"
33,"20510",基金份额变动,"10052",FUND_SHARES_CHANGE,,,1,,"2024-10-17 15:31:26",,"2024-10-17 15:31:26"
34,"20506",基金公司持仓,"10009",FUND_COMPANY_ASSET_ALLOCATION,,,1,,"2024-10-17 15:31:26",,"2024-10-17 15:31:26"
35,"20506",基金公司持仓,"10010",FUND_COMPANY_INDUSTRY_HOLDING_MV_DETAIL_HY,,,1,,"2024-10-17 15:31:26",,"2024-10-17 15:31:26"
36,"20506",基金公司持仓,"10011",FUND_COMPANY_INDUSTRY_HOLDING_MV_DETAIL_Q,,,1,,"2024-10-17 15:31:26",,"2024-10-17 15:31:26"
37,"20509",基金基本信息,"10043",FUND_TURNOVER_RATE,,,1,,"2024-10-17 15:31:26",,"2024-10-17 15:31:26"
38,"20504",基金经理持仓,"10004",FUND_MANAGER_INDUSTRY_HOLDING_MV_Q,,,1,,"2024-10-17 15:31:26",,"2024-10-17 15:31:26"
39,"20504",基金经理持仓,"10005",FUND_MANAGER_INDUSTRY_HOLDING_MV_HY,,,1,,"2024-10-17 15:31:26",,"2024-10-17 15:31:26"
40,"20504",基金经理持仓,"10024",FUND_MANAGER_ASSET_ALLOCATION,,,1,,"2024-10-17 15:31:27",,"2024-10-17 15:31:27"
41,"20504",基金经理持仓,"10025",FUND_MANAGER_INDUSTRY_CHANGE_HY,,,1,,"2024-10-17 15:31:27",,"2024-10-17 15:31:27"
42,"20504",基金经理持仓,"10026",FUND_MANAGER_INDUSTRY_CHANGE_Q,,,1,,"2024-10-17 15:31:27",,"2024-10-17 15:31:27"
43,"20504",基金经理持仓,"10029",FUND_MANAGER_STOCK_CHANGE_HY,,,1,,"2024-10-17 15:31:27",,"2024-10-17 15:31:27"
44,"20504",基金经理持仓,"10030",FUND_MANAGER_STOCK_CHANGE_Q,,,1,,"2024-10-17 15:31:27",,"2024-10-17 15:31:27"
45,"20504",基金经理持仓,"10031",FUND_MANAGER_STOCK_PORTFOLIO_HY,,,1,,"2024-10-17 15:31:27",,"2024-10-17 15:31:27"
46,"20504",基金经理持仓,"10032",FUND_MANAGER_STOCK_PORTFOLIO_Q,,,1,,"2024-10-17 15:31:27",,"2024-10-17 15:31:27"
47,"20504",基金经理持仓,"10033",FUND_MANAGER_TOP10_STOCK_CHANGE_HY,,,1,,"2024-10-17 15:31:27",,"2024-10-17 15:31:27"
48,"20504",基金经理持仓,"10034",FUND_MANAGER_TOP10_STOCK_CHANGE_Q,,,1,,"2024-10-17 15:31:27",,"2024-10-17 15:31:27"
49,"20504",基金经理持仓,"10035",FUND_MANAGER_TRACK_HOLDING,,,1,,"2024-10-17 15:31:27",,"2024-10-17 15:31:27"
50,"20503",基金经理基本信息,"10001",FUND_MANAGER_INFO,,,1,,"2024-10-17 15:31:28",,"2024-10-17 15:31:28"
51,"20503",基金经理基本信息,"10028",FUND_MANAGER_OPINION,,,1,,"2024-10-17 15:31:28",,"2024-10-17 15:31:28"
52,"20503",基金经理基本信息,"10036",FUND_MANAGER_TURNOVER_RATE,,,1,,"2024-10-17 15:31:28",,"2024-10-17 15:31:28"
53,"20503",基金经理基本信息,"10024",FUND_MANAGER_ASSET_ALLOCATION,,,1,,"2024-10-17 15:31:28",,"2024-10-17 15:31:28"
54,"20505",基金经理净值,"10027",FUND_MANAGER_NET_VALUE,,,1,,"2024-10-17 15:31:28",,"2024-10-17 15:31:28"
55,"207",题材,"329",MDB_ENTITY_CONCEPT,,,1,,"2024-10-17 15:31:28",,"2024-10-17 15:31:28"
56,"207",题材,"330",CONCEPT_STK,,,1,,"2024-10-17 15:31:28",,"2024-10-17 15:31:28"
57,"10101",主板财务,"30165",VIEW_STK_BALA_GEN,,,1,,"2024-10-17 15:31:28",,"2025-01-23 16:24:46"
58,"10101",主板财务,"30166",VIEW_STK_CASH_GEN,,,1,,"2024-10-17 15:31:28",,"2025-01-23 16:24:46"
59,"10101",主板财务,"30121",STK_EQT_CHNG,,,1,,"2024-10-17 15:31:28",,"2024-10-17 15:31:28"
60,"10101",主板财务,"30167",VIEW_STK_INCOME_GEN,,,1,,"2024-10-17 15:31:28",,"2025-01-23 16:24:47"
61,"10101",主板财务,"30171",VIEW_STK_FIN_IDX,,,1,,"2024-10-17 15:31:29",,"2025-01-23 16:24:47"
62,"10101",主板财务,"30143",ANA_STK_QTR_IDX,,,1,,"2024-10-17 15:31:29",,"2024-10-17 15:31:29"
63,"10101",主板财务,"30144",ANA_STK_VAL_IDX,,,1,,"2024-10-17 15:31:29",,"2024-10-17 15:31:29"
64,"10101",主板财务,"30174",VIEW_STK_INCOME_GEN_QTR,,,1,,"2024-10-17 15:31:29",,"2025-01-23 16:24:47"
65,"10102",主板分红,"30117",STK_DIV_INFO,,,1,,"2024-10-17 15:31:29",,"2024-10-17 15:31:29"
66,"10102",主板分红,"30125",STK_LIST_ORG,,,1,,"2024-10-17 15:31:29",,"2024-10-17 15:31:29"
67,"10102",主板分红,"30118",STK_DIV_STAT,,,1,,"2024-10-17 15:31:29",,"2024-10-17 15:31:29"
68,"10103",主板股本股东,"30133",STK_SHR_STRU,,,1,,"2024-10-17 15:31:29",,"2024-10-17 15:31:29"
69,"10103",主板股本股东,"30134",STK_SHR_STRU_CHNG,,,1,,"2024-10-17 15:31:29",,"2024-10-17 15:31:29"
70,"10103",主板股本股东,"30132",GET_STK_SHR_CLS_DTL,,,1,,"2024-10-17 15:31:29",,"2025-01-15 09:52:16"
71,"10104",主板行情,"30126",STK_MKT,,,1,,"2024-10-17 15:31:29",,"2024-10-17 15:31:29"
72,"10104",主板行情,"30142",ANA_STK_EXPR_IDX,,,1,,"2024-10-17 15:31:30",,"2024-10-17 15:31:30"
74,"10104",主板行情,"30057",MARGIN_TRD_DTL,,,1,,"2024-10-17 15:32:12",,"2024-10-17 15:32:12"
75,"10105",主板基本信息,"30127",STK_MNG_POST,,,1,,"2024-10-17 15:32:12",,"2024-10-17 15:32:12"
76,"10105",主板基本信息,"30151",STK_HUMAN_RESOURCE,,,1,,"2024-10-17 15:32:12",,"2024-10-17 15:32:12"
78,"10105",主板基本信息,"30158",GET_A_INDUSTRY,,,1,,"2024-10-17 15:32:12",,"2024-11-06 15:39:44"
79,"10105",主板基本信息,"30156",GET_A_SEC_CODE,,,1,,"2024-10-17 15:32:12",,"2024-11-06 15:47:44"
80,"10106",主板经营,"30129",STK_PRI_INCOME_DISTRICT,,,1,,"2024-10-17 15:32:13",,"2024-10-17 15:32:13"
82,"10106",主板经营,"30131",STK_PRI_INCOME_PRODUCT,,,1,,"2024-10-17 15:32:13",,"2024-10-17 15:32:13"
83,"10107",主板业绩预告,"30110",STK_ACHIEVE_FORECAST,,,1,,"2024-10-17 15:32:13",,"2024-10-17 15:32:13"
85,"10108",主板员工持股,"30119",STK_EMP_STK_OWN_PLAN,,,1,,"2024-10-17 15:32:13",,"2024-10-17 15:32:13"
86,"10108",主板员工持股,"30120",STK_EMP_STK_OWN_PLAN_TARG_DTL,,,1,,"2024-10-17 15:32:13",,"2024-10-17 15:32:13"
87,"10201",港股财务,"30041",HK_LTTFINIDC_DIDC,,,1,,"2024-10-17 15:32:13",,"2024-10-17 15:32:13"
88,"10201",港股财务,"30036",HK_CFS_NSTD,,,1,,"2024-10-17 15:32:13",,"2024-10-17 15:32:13"
89,"10201",港股财务,"30042",HK_NFINBS_NSTD,,,1,,"2024-10-17 15:32:13",,"2024-10-17 15:32:13"
90,"10201",港股财务,"30043",HK_NFINIS_NSTD,,,1,,"2024-10-17 15:32:14",,"2024-10-17 15:32:14"
91,"10201",港股财务,"30145",HK_ANA_STK_IDX_FIN,,,1,,"2024-10-17 15:32:14",,"2024-10-17 15:32:14"
92,"10201",港股财务,"30146",HK_ANA_STK_IDX_NFIN,,,1,,"2024-10-17 15:32:14",,"2024-10-17 15:32:14"
93,"10201",港股财务,"30039",HK_FINBS_NSTD,,,1,,"2024-10-17 15:32:14",,"2024-10-17 15:32:14"
94,"10201",港股财务,"30148",HK_IDC_STKVIDC,,,1,,"2024-10-17 15:32:14",,"2024-10-17 15:32:14"
95,"10201",港股财务,"30040",HK_FINIS_NSTD,,,1,,"2024-10-17 15:32:14",,"2024-10-17 15:32:14"
96,"10202",港股股本股东,"30046",HK_SHGSTUDTLCOM,,,1,,"2024-10-17 15:32:14",,"2024-10-17 15:32:14"
97,"10203",港股行情,"30049",HK_STKDMK,,,1,,"2024-10-17 15:32:14",,"2024-10-17 15:32:14"
98,"10203",港股行情,"30147",HK_IDC_STKPFMIDC,,,1,,"2024-10-17 15:32:14",,"2024-10-17 15:32:14"
100,"10204",港股基本信息,"30037",HK_COMBINFO,,,1,,"2024-10-17 15:33:41",,"2024-10-17 15:33:41"
101,"10204",港股基本信息,"30048",HK_STKCODE,,,1,,"2024-10-17 15:33:41",,"2024-10-17 15:33:41"
103,"401",基础码表,"30034",GEN_REF,,,1,,"2024-10-17 15:33:41",,"2024-10-17 15:33:41"
104,"401",基础码表,"30082",ORG_PROFILE,,,1,,"2024-10-17 15:33:41",,"2024-10-17 15:33:41"
105,"401",基础码表,"30085",PUB_INDU_REF,,,1,,"2024-10-17 15:33:41",,"2024-10-17 15:33:41"
106,"401",基础码表,"30088",PUB_SEC_CODE,,,1,,"2024-10-17 15:33:41",,"2024-10-17 15:33:41"
107,"10301",科创板财务,"30168",VIEW_STI_BALA_GEN,,,1,,"2024-10-17 15:33:41",,"2025-01-23 16:24:45"
108,"10301",科创板财务,"30169",VIEW_STI_CASH_GEN,,,1,,"2024-10-17 15:33:41",,"2025-01-23 16:24:46"
109,"10301",科创板财务,"30170",VIEW_STI_INCOME_GEN,,,1,,"2024-10-17 15:33:41",,"2025-01-23 16:24:46"
110,"10301",科创板财务,"30141",ANA_STI_VAL_IDX,,,1,,"2024-10-17 15:33:41",,"2024-10-17 15:33:41"
111,"10301",科创板财务,"30172",VIEW_STI_FIN_IDX,,,1,,"2024-10-17 15:33:42",,"2025-01-23 16:24:46"
112,"10302",科创板分红,"30098",STI_DIV_INFO,,,1,,"2024-10-17 15:33:42",,"2024-10-17 15:33:42"
113,"10302",科创板分红,"30099",STI_DIV_STAT,,,1,,"2024-10-17 15:33:42",,"2024-10-17 15:33:42"
114,"10303",科创板股本股东,"30109",STI_SHR_STRU,,,1,,"2024-10-17 15:33:42",,"2024-10-17 15:33:42"
115,"10304",科创板行情,"30103",STI_MKT,,,1,,"2024-10-17 15:33:42",,"2024-10-17 15:33:42"
117,"10304",科创板行情,"30140",ANA_STI_EXPR_IDX,,,1,,"2024-10-17 15:33:52",,"2024-10-17 15:33:52"
118,"10305",科创板基本信息,"30104",STI_MNG_POST,,,1,,"2024-10-17 15:33:52",,"2024-10-17 15:33:52"
120,"10305",科创板基本信息,"30156",GET_A_SEC_CODE,,,1,,"2024-10-17 15:33:52",,"2024-11-06 15:47:45"
121,"10306",科创板经营,"30106",STI_PRI_INCOME_DISTRICT,,,1,,"2024-10-17 15:33:52",,"2024-10-17 15:33:52"
123,"10306",科创板经营,"30108",STI_PRI_INCOME_PRODUCT,,,1,,"2024-10-17 15:33:53",,"2024-10-17 15:33:53"
124,"10307",科创板业绩预告,"30089",STI_ACHIEVE_FORECAST,,,1,,"2024-10-17 15:33:53",,"2024-10-17 15:33:53"
126,"208",境内指数,"30050",GET_INDX_GEN_INFO,,,1,,"2024-10-17 15:33:53",,"2025-01-16 19:51:24"
127,"208",境内指数,"30052",INDX_SAMP_INFO,,,1,,"2024-10-17 15:33:53",,"2024-10-17 15:33:53"
128,"208",境内指数,"30051",INDX_MKT,,,1,,"2024-10-17 15:33:53",,"2024-10-17 15:33:53"
129,"208",境内指数,"30053",INDX_TCLOSE_WEIGHT,,,1,,"2024-10-17 15:33:53",,"2024-10-17 15:33:53"
130,"10104",主板行情,"30144",ANA_STK_VAL_IDX,,,1,,"2024-10-17 15:31:29",,"2024-10-17 15:31:29"
131,"10203",港股行情,"30148",HK_IDC_STKVIDC,,,1,,"2024-10-17 15:32:14",,"2024-10-17 15:32:14"
132,"10304",科创板行情,"30141",ANA_STI_VAL_IDX,,,1,,"2024-10-17 15:33:41",,"2024-10-17 15:33:41"
133,"10305",科创板基本信息,"30158",GET_A_INDUSTRY,,,1,,"2024-10-17 15:33:52",,"2024-11-06 15:39:46"
136,"208",境内指数,"30155",ANA_INDX_VAL_IDX,,,1,,"2024-10-17 15:33:53",,"2024-10-17 15:33:53"
137,"208",境内指数,"30158",GET_A_INDUSTRY,,,1,,"2024-10-23 13:20:47",,"2024-11-06 18:53:50"
142,"201",调研通知,"20001",INVESTIGATE_MAIN,,,1,,"2024-10-23 13:20:47",,"2024-11-11 17:37:24"
143,"201",路演信息,"20002",ROADSHOW_MAIN,,,1,,"2024-10-23 13:20:47",,"2024-11-28 20:24:13"
144,"201",路演信息,"20003",ROADSHOW_MAIN_US,,,1,,"2024-10-23 13:20:47",,"2024-11-28 20:24:13"
145,"201",点评信息,"20004",CMNT_INFO,,,1,,"2024-10-23 13:20:47",,"2024-11-11 17:37:25"
146,"201",策略会通知,"20005",INVESTIGATE_MAIN_MEETING,,,1,,"2024-10-23 13:20:47",,"2024-11-11 17:37:25"
147,"201",公众号信息,"20006",RESEARCH_WECHAT_ARTICLES,,,1,,"2024-10-23 13:20:47",,"2024-11-11 17:37:25"
148,"201",公告信息,"20007",ANNC_MAIN,,,1,,"2024-10-23 13:20:47",,"2024-11-11 17:37:25"
150,"201",会议纪要,"20009",SUMMARY_ROADSHOW_INFO,,,1,,"2024-10-23 13:20:47",,"2024-11-28 20:24:13"
151,"201",美股纪要,"20010",SUMMARY_ROADSHOW_INFO_US,,,1,,"2024-10-23 13:20:47",,"2024-12-06 08:09:38"
152,"201",中资研报,"20011",NXNY_REPORT_MAIN,,,1,,"2024-10-23 13:20:47",,"2024-12-02 20:31:42"
153,"201",外资研报,"20012",RESEARCH_REPORT_MAIN_US,,,1,,"2024-10-23 13:20:47",,"2024-12-02 20:31:42"
154,"201",外资研报,"20013",RESEARCH_REPORT_STK_US,,,1,,"2024-10-23 13:20:47",,"2024-12-02 20:31:42"
157,"10105",主板基本信息,"30115",STK_COM_PROFILE,,,1,,"2024-10-17 15:32:12",,"2024-10-30 18:42:16"
160,"208",境内指数,"30142",ANA_STK_EXPR_IDX,,,1,,"2024-10-17 15:33:53",,"2024-10-17 15:33:53"
161,"10105",主板基本信息,"30128",STK_PRE_DISCLOSURE,,,1,,"2024-10-17 15:32:12",,"2024-11-06 15:47:44"
162,"10305",科创板基本信息,"30105",STI_PRE_DISCLOSURE,,,1,,"2024-10-17 15:33:52",,"2024-11-06 15:47:45"
163,"10109",主板公司行为,"30159",STK_ADD_HOLD,,,1,,"2024-10-17 15:32:13",,"2025-02-24 10:24:31"
164,"10109",主板公司行为,"30160",STK_GREATE_EVENT,,,1,,"2024-10-17 15:32:13",,"2025-02-24 10:24:31"
165,"10109",主板公司行为,"30066",NEWS_ESP_HINT,,,1,,"2024-10-17 15:32:13",,"2025-02-24 10:24:31"
166,"201",公众号信息,"20008",RESEARCH_WECHAT_ACC,,,1,,"2024-10-23 13:20:47",,"2024-11-11 17:37:25"
167,"20501",基金产品持仓,"10055",STOCK_FACTOR_VALUE,,,1,,"2024-10-17 15:31:25",,"2024-10-17 15:31:25"
168,"20506",基金公司持仓,"10055",STOCK_FACTOR_VALUE,,,1,,"2024-10-17 15:31:26",,"2024-10-17 15:31:26"
169,"20504",基金经理持仓,"10055",STOCK_FACTOR_VALUE,,,1,,"2024-10-17 15:31:27",,"2024-10-17 15:31:27"
171,"10105",主板基本信息,"30157",VW_CONCEPT_STK,,,1,,"2024-12-25 15:01:13",,"2024-12-25 15:01:13"
176,"20505",基金经理净值,"10046",INDEX_QUOTE_ALL,,,1,,"2024-10-17 15:31:28",,"2024-10-17 15:31:28"
177,"20502",基金产品净值,"10046",INDEX_QUOTE_ALL,,,1,,"2024-10-17 15:31:26",,"2024-10-17 15:31:26"
178,"10301",科创板财务,"30174",VIEW_STK_INCOME_GEN_QTR,,,1,,"2024-10-17 15:33:42",,"2024-10-17 15:33:42"
179,"10105",主板基本信息,"30164",VIEW_CONCEPT_DAILY_QUOTE,,,1,,"2024-12-25 15:01:13",,"2024-12-25 15:01:13"
180,"10301",科创板财务,"30173",VIEW_STI_FIN_IDX_QTR,,,1,,"2024-10-17 15:33:42",,"2025-01-23 16:24:46"
181,"20505",基金经理净值,"10056",FUND_MANAGER_STATISTICS_YEAR,,,1,,"2025-02-07 14:52:47",,"2025-02-07 15:21:16"
182,"20501",基金产品持仓,"10057",FUND_STOCK_INTERVAL_CONTRIBUTION_VW,,,1,,"2025-02-08 13:49:14",,"2025-02-08 13:49:54"
183,"208",境内指数,"30171",VIEW_STK_FIN_IDX,,,1,,"2024-10-17 15:33:53",,"2025-01-16 19:51:24"
185,"20503",基金经理基本信息,"10058",VW_FUND_LABEL_SERIES,,,1,,"2025-02-13 17:03:14",,"2025-02-13 17:03:14"
186,"208",境内指数,"30175",INDXN_MKT_SW,,,1,,"2024-10-17 15:33:53",,"2025-01-16 19:51:24"
187,"10101",主板财务,"30176",VIEW_STK_FIN_IDX_PLUS,,,1,,"2024-10-17 15:31:29",,"2025-01-23 16:24:47"
188,"20507",基金标签,"10059",VW_COMB_TRACK,,,1,,"2025-02-16 19:37:26",,"2025-02-16 19:37:26"
189,"209",股票标签,"10059",VW_COMB_TRACK,,,1,,"2024-10-17 15:31:23",,"2024-10-17 15:31:23"
190,"10204",港股基本信息,"30177",VIEW_HK_INDUSTRY_TRACK,,,1,,"2024-10-17 15:33:41",,"2024-10-17 15:33:41"
191,"20507",基金标签,"10053",FUND_BENCHMARK,,,1,,"2025-02-18 18:14:01",,"2025-03-12 11:26:34"
192,"10308",南北向资金流动,"30178",VIEW_CAPITAL_FLOW_NORTH,,,1,,"2024-10-17 15:33:53",,"2024-10-17 15:33:53"
193,"10308",南北向资金流动,"30179",VIEW_CAPITAL_FLOW_SOUTH,,,1,,"2024-10-17 15:33:53",,"2024-10-17 15:33:53"
194,"20601",ETF相关信息,"10060",ETF_DAILY_QUOTE,,,1,,"2025-02-26 09:45:48",,"2025-02-26 15:18:15"
197,"601",美股基本信息,"50001",AMERICAN_STOCK_MAIN,,,1,,"2025-03-06 17:43:37",,"2025-03-06 17:43:37"
198,"602",美股行情,"50002",STK2401,,,1,,"2025-03-06 17:43:37",,"2025-03-06 17:43:37"
199,"603",美股行情,"50003",COM3101,,,1,,"2025-03-06 17:43:37",,"2025-03-06 17:43:37"
200,"604",美股财务,"50004",COM3102,,,0,,"2025-03-06 17:43:37",,"2025-03-21 10:38:21"
201,"605",美股财务,"50005",COM3103,,,0,,"2025-03-06 17:43:37",,"2025-03-21 10:38:21"
202,"606",美股财务,"50006",COM3104,,,0,,"2025-03-06 17:43:37",,"2025-03-21 10:38:21"
203,"607",美股经营分析,"50007",VIEW_COM3105,,,1,,"2025-03-06 17:43:37",,"2025-03-11 14:52:08"
204,"608",美股经营分析,"50008",VIEW_COM3106,,,1,,"2025-03-06 17:43:37",,"2025-03-11 14:52:08"
205,"10305",科创板基本信息,"30180",STI_COM_SHARE,,,1,,"2025-03-28 17:04:29",,"2025-03-28 17:04:29"
206,"10305",科创板基本信息,"30181",STI_COMSUB_PROFILE,,,1,,"2025-03-28 17:04:29",,"2025-03-28 17:04:29"
207,"604",美股财务,"50011",VIEW_COM3102_Q,,,1,,"2025-03-06 17:43:37",,"2025-03-06 17:43:37"
208,"605",美股财务,"50014",VIEW_COM3102_CUM,,,1,,"2025-03-06 17:43:37",,"2025-03-06 17:43:37"
209,"606",美股财务,"50012",VIEW_COM3103_Q,,,1,,"2025-03-06 17:43:37",,"2025-03-06 17:43:37"
210,"604",美股财务,"50015",VIEW_COM3103_CUM,,,1,,"2025-03-06 17:43:37",,"2025-03-06 17:43:37"
211,"605",美股财务,"50013",VIEW_COM3104_Q,,,1,,"2025-03-06 17:43:37",,"2025-03-06 17:43:37"
212,"606",美股财务,"50016",VIEW_COM3104_CUM,,,1,,"2025-03-06 17:43:37",,"2025-03-06 17:43:37"
213,"10101",主板财务,"30243",ANA_STK_DIV_RATE_IDX,,,1,,"2024-10-17 15:31:29",,"2024-10-17 15:31:29"
214,"10104",主板行情,"30243",ANA_STK_DIV_RATE_IDX,,,1,,"2024-10-17 15:31:29",,"2024-10-17 15:31:29"
215,"10303",科创板股本股东,"30238",STI_HOLDER_NUM,,,1,"","2025-03-19 11:51:36","","2025-03-19 11:51:36"
216,"10303",科创板股本股东,"30239",STI_MAIN_HOLDER,,,1,"","2025-03-19 11:51:36","","2025-03-19 11:51:36"
217,"10101",主板财务,"30190",STK_FIN_CHARGE,,,1,"","2025-03-19 11:51:36","","2025-03-19 11:51:36"
218,"10101",主板财务,"30199",STK_TAX_RATIO,,,1,"","2025-03-19 11:51:36","","2025-03-19 11:51:36"
219,"10103",主板股本股东,"30187",STK_COM_SHARE,,,1,"","2025-03-19 11:51:36","","2025-03-19 11:51:36"
220,"10101",主板财务,"30198",STK_STOCK,,,1,"","2025-03-19 11:51:36","","2025-03-19 11:51:36"
221,"10101",主板财务,"30195",STK_NON_EXTR_ITEM,,,1,"","2025-03-19 11:51:36","","2025-03-19 11:51:36"
222,"10101",主板财务,"30244",VIEW_STK_FIX_ASS,,,1,"","2025-03-19 11:51:36","","2025-03-25 18:28:34"
223,"10101",主板财务,"30192",STK_FIX_ASS_DEP,,,1,"","2025-03-19 11:51:37","","2025-03-19 11:51:37"
224,"10101",主板财务,"30186",STK_COM_RELA_NBALA,,,1,"","2025-03-19 11:51:37","","2025-03-19 11:51:37"
225,"10101",主板财务,"30193",STK_IMM_ASS,,,1,"","2025-03-19 11:51:37","","2025-03-19 11:51:37"
226,"10102",主板分红,"30189",STK_DIVPAY,,,1,"","2025-03-19 11:51:37","","2025-03-19 11:51:37"
227,"10101",主板财务,"30200",STK_TAXPAY,,,1,"","2025-03-19 11:51:37","","2025-03-19 11:51:37"
228,"10101",主板财务,"30197",STK_PREEXP,,,1,"","2025-03-19 11:51:37","","2025-03-19 11:51:37"
229,"10101",主板财务,"30184",STK_ASSETS,,,1,"","2025-03-19 11:51:37","","2025-03-19 11:51:37"
230,"10105",主板基本信息,"30188",STK_COMSUB_PROFILE,,,1,"","2025-03-19 11:51:37","","2025-03-19 11:51:37"
231,"10101",主板财务,"30182",STK_ACCT_RCV,,,1,"","2025-03-19 11:51:37","","2025-03-19 11:51:37"
232,"10101",主板财务,"30196",STK_NONOPT_EXPENSE,,,1,"","2025-03-19 11:51:37","","2025-03-19 11:51:37"
233,"10101",主板财务,"30185",STK_ATCP_LBLT,,,1,"","2025-03-19 11:51:37","","2025-03-19 11:51:37"
234,"10101",主板财务,"30194",STK_LNG_LOAN,,,1,"","2025-03-19 11:51:38","","2025-03-19 11:51:38"
235,"10101",主板财务,"30183",STK_ASSET_DEPR,,,1,"","2025-03-19 11:51:38","","2025-03-19 11:51:38"
236,"10105",主板基本信息,"30208",STK_DS_POST,,,1,"","2025-03-19 11:51:38","","2025-03-19 11:51:38"
237,"10108",主板员工持股,"30209",STK_MNG_RWD,,,1,"","2025-03-19 11:51:38","","2025-03-19 11:51:38"
238,"10108",主板员工持股,"30210",STK_MNG_RWD_DTL,,,1,"","2025-03-19 11:51:38","","2025-03-19 11:51:38"
239,"10105",主板基本信息,"30211",STK_LIST_PLAN,,,1,"","2025-03-19 11:51:38","","2025-03-19 11:51:38"
240,"10105",主板基本信息,"30212",STK_LIST_RESULT,,,1,"","2025-03-19 11:51:38","","2025-03-19 11:51:38"
241,"10109",主板公司行为,"30214",STK_ISS_RESULT,,,1,"","2025-03-19 11:51:39","","2025-03-19 11:51:39"
242,"10109",主板公司行为,"30213",STK_ISS_PLAN,,,1,"","2025-03-19 11:51:39","","2025-03-19 11:51:39"
243,"10109",主板公司行为,"30220",STK_GUAR_INFO,,,1,"","2025-03-19 11:51:39","","2025-03-19 11:51:39"
244,"10109",主板公司行为,"30225",STK_PLEDGE,,,1,"","2025-03-19 11:51:39","","2025-03-19 11:51:39"
245,"10109",主板公司行为,"30219",STK_FREEZE_STAT,,,1,"","2025-03-19 11:51:39","","2025-03-19 11:51:39"
246,"10109",主板公司行为,"30224",STK_LAWSUIT_NEW,,,1,"","2025-03-19 11:51:39","","2025-03-19 11:51:39"
247,"10109",主板公司行为,"30218",STK_FREEZE_NEW,,,1,"","2025-03-19 11:51:40","","2025-03-19 11:51:40"
248,"10109",主板公司行为,"30228",STK_REPURCHASE,,,1,"","2025-03-19 11:51:40","","2025-03-19 11:51:40"
249,"10109",主板公司行为,"30229",STK_REPURCHASE_PRG,,,1,"","2025-03-19 11:51:40","","2025-03-19 11:51:40"
250,"10109",主板公司行为,"30222",STK_IMPAWN_NEW,,,1,"","2025-03-19 11:51:40","","2025-03-19 11:51:40"
251,"10109",主板公司行为,"30227",STK_REL_TRD,,,1,"","2025-03-19 11:51:40","","2025-03-19 11:51:40"
252,"10109",主板公司行为,"30215",STK_ACCUM_FREEZE,,,1,"","2025-03-19 11:51:41","","2025-03-19 11:51:41"
253,"10103",主板股本股东,"30216",STK_ACCUM_IMPAWN,,,1,"","2025-03-19 11:51:41","","2025-03-19 11:51:41"
254,"10109",主板公司行为,"30226",STK_PUNISH,,,1,"","2025-03-19 11:51:41","","2025-03-19 11:51:41"
255,"10103",主板股本股东,"30230",STK_SEC_IVST,,,1,"","2025-03-19 11:51:41","","2025-03-19 11:51:41"
256,"10109",主板公司行为,"30232",STK_TENDER_OFFER_INFO,,,1,"","2025-03-19 11:51:42","","2025-03-19 11:51:42"
257,"10109",主板公司行为,"30233",STK_TENDER_OFFER_PRG,,,1,"","2025-03-19 11:51:42","","2025-03-19 11:51:42"
258,"10109",主板公司行为,"30231",STK_TENDER_OFFER_DTL,,,1,"","2025-03-19 11:51:42","","2025-03-19 11:51:42"
259,"10201",港股财务,"30234",HK_PRI_INCOME,,,1,"","2025-03-19 11:51:42","","2025-03-19 11:51:42"
260,"10204",港股基本信息,"30235",HK_OFCHGBDSCM,,,1,"","2025-03-19 11:51:42","","2025-03-19 11:51:42"
261,"10201",港股财务,"30236",HK_CDIVDSTCOM,,,1,"","2025-03-19 11:51:42","","2025-03-19 11:51:42"
262,"10202",港股股本股东,"30240",HK_DIRSHGINTCOM,,,1,"","2025-03-19 11:51:42","","2025-03-19 11:51:42"
263,"10202",港股股本股东,"30241",HK_MJSHHSHGSTU,,,1,"","2025-03-19 11:51:43","","2025-03-19 11:51:43"
264,"10101",主板财务,"30242",STK_RD_DTL,,,1,"","2025-03-19 11:51:43","","2025-03-19 11:51:43"
